u,h_fit,curvature
0.2001000500250125,0.05484145787882927,1.0692306038963082
0.20060030015007502,0.05490377533547256,1.0869187069792157
0.20110055027513754,0.05496637118592436,1.1044755117372014
0.2016008004002001,0.05502924998555891,1.121901099424699
0.20210105052526262,0.05509241625923591,1.1391955523905037
0.20260130065032514,0.05515587450136486,1.1563589548914337
0.2031015507753877,0.0552196291759701,1.1733913917511178
0.2036018009004502,0.05528368471675555,1.190292948914467
0.20410205102551274,0.05534804552716869,1.2070637144878573
0.20460230115057526,0.05541271598046623,1.2237037771755275
0.2051025512756378,0.055477700419778044,1.2402132270678685
0.20560280140070034,0.05554300315817213,1.256592155743679
0.20610305152576286,0.05560862847871936,1.272840656119012
0.2066033016508254,0.05567458063455783,1.288958822615545
0.20710355177588793,0.055740863848958114,1.3049467506243493
0.20760380190095046,0.05580748231538726,1.3208045374178758
0.20810405202601298,0.05587444019757399,1.3365322817063339
0.20860430215107553,0.05594174162957318,1.3521300833485348
0.20910455227613806,0.05600939071583052,1.3675980440245163
0.20960480240120058,0.056077391531247266,1.382936266671938
0.2101050525262631,0.056145748121244905,1.3981448559401852
0.21060530265132565,0.056214464501829584,1.4132239185613182
0.21110555277638818,0.05628354465965724,1.4281735625894567
0.2116058029014507,0.05635299255209806,1.4429938971123324
0.21210605302651325,0.056422812107301254,1.4576850333992872
0.21260630315157578,0.056493007224259165,1.4722470852259435
0.2131065532766383,0.05656358177287291,1.4866801672082288
0.21360680340170082,0.05663453959401638,1.5009843959658788
0.21410705352676337,0.05670588449960102,1.5151598902021137
0.2146073036518259,0.05677762027264083,1.529206770357305
0.21510755377688842,0.0568497506673164,1.543125159310046
0.21560780390195097,0.056922279409040516,1.55691518106868
0.2161080540270135,0.05699521019452199,1.5705769620109509
0.21660830415207602,0.057068546691830646,1.5841106311928415
0.21710855427713854,0.05714229254046217,1.597516319056067
0.2176088044022011,0.0572164513514026,1.6107941583380194
0.21810905452726362,0.057291026707192966,1.6239442842579122
0.21860930465232614,0.05736602216199415,1.6369668339275207
0.21910955477738867,0.0574414412416514,1.649861947047349
0.21960980490245122,0.057517287443759016,1.662629765599201
0.22011005502751374,0.0575935642377253,1.6752704335672863
0.22061030515257626,0.05767027506483674,1.6877840978531928
0.22111055527763882,0.05774742333832317,1.7001709077087
0.22161080540270134,0.05782501244342217,1.7124310144364516
0.22211105552776386,0.057903045737443926,1.7245645723594438
0.22261130565282639,0.05798152654983549,1.7365717386028225
0.22311155577788894,0.05806045818224622,1.7484526723432547
0.22361180590295146,0.05813984390859171,1.7602075353593565
0.22411205602801398,0.058219686975118964,1.7718364927310375
0.22461230615307654,0.05829999060047049,1.7833397124914507
0.22511255627813906,0.05838075797574992,1.7947173645481573
0.22561280640320158,0.058461992264585864,1.805969621807186
0.2261130565282641,0.058543696603196825,1.8170966608413333
0.22661330665332666,0.05862587410045589,1.8280986610707652
0.22711355677838918,0.05870852783795557,1.8389758040055626
0.2276138069034517,0.058791660870072565,1.8497282743390107
0.22811405702851423,0.05887527622403159,1.8603562607836437
0.22861430715357678,0.05895937689997131,1.8708599543650468
0.2291145572786393,0.059043965871008,1.8812395493071792
0.22961480740370183,0.05912904608330084,1.891495243280926
0.23011505752876438,0.05921462045611636,1.9016272364491165
0.2306153076538269,0.05930069188189314,1.9116357331364369
0.23111555777888942,0.05938726322630611,1.9215209408709173
0.23161580790395195,0.05947433732833241,1.9312830693892409
0.2321160580290145,0.059561917000314456,1.9409223329004284
0.23261630815407702,0.05965000502802583,1.9504389490241612
0.23311655827913955,0.059738604170735475,1.9598331378693659
0.2336168084042021,0.05982771716127257,1.9691051238045931
0.23411705852926462,0.05991734670609067,1.978255134667018
0.23461730865432714,0.060007495485333524,1.9872834009487572
0.23511755877938967,0.0600981661528983,1.996190157940205
0.23561780890445222,0.06018936133650136,2.004975643990231
0.23611805902951474,0.06028108363774282,2.0136401000378283
0.23661830915457727,0.0603733356321705,2.022183772268684
0.2371185592796398,0.060466119869345254,2.0306069099972515
0.23761880940470234,0.0605594388729058,2.038909765493143
0.23811905952976486,0.06065329514063264,2.0470925954497132
0.2386193096548274,0.06074769114451355,2.055155660028735
0.23911955977988994,0.06084262933080757,2.0630992233966676
0.23961980990495246,0.06093811212011012,2.070923553791486
0.240120060030015,0.06103414190741768,2.0786289220972
0.2406203101550775,0.06113072106219253,2.086215603729924
0.24112056028014006,0.06122785192842656,2.093683878309833
0.24162081040520259,0.06132553682470758,2.1010340286116214
0.2421210605302651,0.06142377804428208,2.108266342011283
0.24262131065532766,0.06152257785512181,2.115381109051323
0.24312156078039018,0.06162193849998693,2.12237862437591
0.2436218109054527,0.06172186219649156,2.129259186641494
0.24412206103051523,0.06182235113716817,2.1360230985567767
0.24462231115557778,0.06192340748953197,2.1426706671391087
0.2451225612806403,0.06202503339614654,2.1492022020398873
0.24562281140570283,0.062127230974687454,2.155618017688333
0.24612306153076535,0.06223000231800728,2.1619184330276067
0.2466233116558279,0.062333349494200684,2.1681037701932637
0.24712356178089043,0.06243727454666851,2.1741743553935735
0.24762381190595295,0.06254177949418302,2.1801305188997366
0.2481240620310155,0.062646866330952,2.18597259508198
0.24862431215607803,0.06275253702668393,2.1917009219643635
0.24912456228114055,0.06285879352665237,2.1973158418983396
0.24962481240620307,0.06296563775176053,2.202817701572764
0.2501250625312656,0.06307307159860658,2.208206850704106
0.25062531265632815,0.06318109693954768,2.213483643131422
0.2511255627813907,0.06328971562276481,2.2186484376519715
0.2516258129064532,0.06339892947232745,2.223701596156918
0.25212606303151575,0.06350874028825884,2.2286434840012976
0.2526263131565783,0.06361914984659928,2.2334744722042728
0.2531265632816408,0.06373015989947219,2.238194934636898
0.25362681340670334,0.06384177217514854,2.242805248396885
0.25412706353176584,0.06395398837811056,2.2473057959068763
0.2546273136568284,0.06406681018911776,2.251696962774942
0.25512756378189094,0.06418023926527058,2.2559791384761296
0.25562781390695344,0.06429427724007565,2.260152716348643
0.256128064032016,0.06440892572351026,2.264218093724669
0.25662831415707854,0.06452418630208674,2.268175672344455
0.25712856428214104,0.06464006053891788,2.272025856766198
0.2576288144072036,0.06475654997378111,2.2757690557237304
0.25812906453226614,0.06487365612318294,2.2794056818531456
0.25862931465732864,0.06499138048042447,2.282936151422351
0.2591295647823912,0.06510972451566482,2.2863608850542265
0.2596298149074537,0.0652286896759873,2.2896803058561943
0.26013006503251623,0.06534827738546299,2.292894841570725
0.2606303151575788,0.06546848904521532,2.296004923954554
0.2611305652826413,0.06558932603348624,2.299010986769502
0.26163081540770383,0.06571078970569885,2.3019134689415486
0.2621310655327664,0.06583288139452347,2.3047128127511782
0.2626313156578289,0.06595560240994204,2.3074094631167092
0.26313156578289143,0.0660789540393124,2.3100038695287974
0.263631815907954,0.0662029375474334,2.312496484571579
0.2641320660330165,0.06632755417660947,2.314887764020523
0.26463231615807903,0.06645280514671528,2.3171781672509235
0.2651325662831415,0.06657869165526029,2.3193681569545532
0.2656328164082041,0.06670521487745358,2.321458199582746
0.2661330665332666,0.06683237596626834,2.3234487643633304
0.2666333166583291,0.06696017605250708,2.325340324014214
0.2671335667833917,0.06708861624486526,2.327133355037893
0.2676338169084542,0.06721769762999749,2.328828335669153
0.2681340670335167,0.0673474212725808,2.3304257483264665
0.26863431715857927,0.06747778821537978,2.3319260792805525
0.2691345672836418,0.0676087994793118,2.3333298159494325
0.2696348174087043,0.06774045606351103,2.3346374499335334
0.27013506753376687,0.06787275894539291,2.335849476552882
0.2706353176588294,0.06800570908072,2.3369663923402646
0.2711355677838919,0.06813930740366538,2.337988697807457
0.27163581790895447,0.06827355482687789,2.3389168961639824
0.27213606803401696,0.06840845224154722,2.3397514930043877
0.2726363181590795,0.06854400051746727,2.3404929977923628
0.27313656828414207,0.06868020050310276,2.3411419210779223
0.27363681840920456,0.06881705302565219,2.341698776712796
0.2741370685342671,0.0689545588911132,2.342164081934388
0.27463731865932967,0.06909271888434747,2.342538355495475
0.27513756878439216,0.06923153376914487,2.342822119559824
0.2756378189094547,0.06937100428828867,2.3430158975650457
0.27613806903451726,0.06951113116362029,2.3431202158146154
0.27663831915957976,0.06965191509610245,2.343135603986643
0.2771385692846423,0.06979335676588679,2.3430625925367785
0.2776388194097048,0.06993545683237509,2.342901714951023
0.27813906953476736,0.07007821593428719,2.342653506953632
0.2786393196598299,0.07022163468972296,2.3423185058233758
0.2791395697848924,0.07036571369622924,2.341897251145535
0.27963981990995496,0.07051045353086241,2.341390284945162
0.2801400700350175,0.07065585475025489,2.3407981511368985
0.28064032016008,0.07080191789067858,2.3401213949289756
0.28114057028514255,0.07094864346811063,2.3393605632475953
0.2816408204102051,0.0710960319782967,2.3385162056824575
0.2821410705352676,0.07124408389681681,2.3375888738828863
0.28264132066033015,0.07139279967914967,2.3365791197136097
0.28314157078539265,0.07154217976073765,2.33548749666563
0.2836418209104552,0.07169222455705043,2.334314561306211
0.28414207103551775,0.07184293446365074,2.3330608713910594
0.28464232116058025,0.07199430985625876,2.3317269847000253
0.2851425712856428,0.07214635109081699,2.3303134610647422
0.28564282141070535,0.07229905850355384,2.328820862476272
0.28614307153576785,0.07245243241104997,2.327249751519456
0.2866433216608304,0.07260647311030156,2.3256006919015233
0.28714357178589295,0.07276118087878611,2.323874248280392
0.28764382191095544,0.07291655597452612,2.3220709864899485
0.288144072036018,0.0730725986361544,2.3201914743073035
0.28864432216108055,0.07322930908297828,2.318236279511203
0.28914457228614304,0.07338668751504537,2.316205970457151
0.2896448224112056,0.07354473411320639,2.314101117311694
0.2901450725362681,0.07370344903918188,2.3119222905214905
0.29064532266133064,0.07386283243562514,2.309670061188479
0.2911455727863932,0.07402288442618832,2.3073450008857876
0.2916458229114557,0.07418360511558583,2.304947682677603
0.29214607303651824,0.07434499458965993,2.302478679669201
0.2926463231615808,0.07450705291544556,2.299938564403629
0.2931465732866433,0.0746697801412338,2.297327911088012
0.29364682341170584,0.07483317629663788,2.2946472943077856
0.2941470735367684,0.07499724139265682,2.2918972889183964
0.2946473236618309,0.07516197542174116,2.289078469108831
0.29514757378689344,0.07532737835785702,2.2861914093723312
0.29564782391195593,0.07549345015655029,2.283236685680317
0.2961480740370185,0.07566019075501235,2.2802148728585263
0.29664832416208103,0.07582760007214423,2.2771265456399368
0.29714857428714353,0.07599567800862089,2.2739722798248967
0.2976488244122061,0.07616442444695687,2.2707526498984696
0.29814907453726863,0.07633383925157022,2.267468230333238
0.29864932466233113,0.07650392226884707,2.2641195963821374
0.2991495747873937,0.0766746733272071,2.2607073222241225
0.29964982491245623,0.07684609223716748,2.2572319810208934
0.3001500750375187,0.07701817879140804,2.2536941465803575
0.3006503251625813,0.07719093276483503,2.250094392968671
0.3011505752876438,0.07736435391464738,2.246433291755798
0.3016508254127063,0.0775384419804003,2.242711414344521
0.3021510755377689,0.07771319668406952,2.238929333197895
0.30265132566283137,0.0778886177301171,2.2350876188628837
0.3031515757878939,0.07806470480555569,2.2311868406422852
0.3036518259129565,0.07824145758001286,2.2272275680060716
0.30415207603801897,0.07841887570579598,2.2232103695433074
0.3046523261630815,0.07859695881795736,2.2191358120096925
0.3051525762881441,0.0787757065343582,2.215004462154767
0.30565282641320657,0.07895511845573334,2.2108168862211754
0.3061530765382691,0.07913519416575697,2.2065736474814517
0.30665332666333167,0.07931593323110613,2.2022753091059943
0.30715357678839417,0.07949733520152527,2.197922434253445
0.3076538269134567,0.07967939960989232,2.1935155836613784
0.3081540770385192,0.07986212597228186,2.189055316580092
0.30865432716358177,0.08004551378803113,2.1845421913131537
0.3091545772886443,0.08022956253980311,2.1799767652947786
0.3096548274137068,0.08041427169365284,2.1753595942870945
0.31015507753876936,0.08059964069909104,2.170691232068456
0.3106553276638319,0.08078566898914938,2.1659722312887513
0.3111555777888944,0.08097235598044436,2.161203143676168
0.31165582791395696,0.08115970107324316,2.156384518239546
0.3121560780390195,0.08134770365152744,2.1515169029913546
0.312656328164082,0.08153636308305776,2.146600844986224
0.31315657828914456,0.08172567871943984,2.141636887629415
0.31365682841420706,0.08191564989618731,2.136625573997987
0.3141570785392696,0.08210627593278726,2.1315674458578955
0.31465732866433216,0.08229755613276546,2.1264630413317342
0.31515757878939465,0.08248948978374995,2.121312898334777
0.3156578289144572,0.08268207615753623,2.116117552235159
0.31615807903951976,0.08287531451015284,2.110877535374047
0.31665832916458225,0.08306920408192364,2.1055933802504865
0.3171585792896448,0.08326374409753529,2.1002656158709683
0.31765882941470736,0.08345893376610014,2.094894769045184
0.31815907953976985,0.08365477228122123,2.089481365684213
0.3186593296648324,0.08385125882105773,2.084025927588615
0.3191595797898949,0.0840483925483888,2.0785289757067296
0.31965982991495745,0.08424617261067775,2.0729910296400917
0.32016008004002,0.08444459814013884,2.0674126043682746
0.3206603301650825,0.08464366825379957,2.0617942138064596
0.32116058029014505,0.08484338205356658,2.056136370623367
0.3216608304152076,0.08504373862629026,2.050439583545646
0.3221610805402701,0.08524473704382957,2.044704359128565
0.32266133066533265,0.08544637636311606,2.038931201427849
0.3231615807903952,0.08564865562621937,2.0331206124116976
0.3236618309154577,0.08585157386041042,2.027273092737436
0.32416208104052024,0.08605513007822849,2.021389138512185
0.32466233116558274,0.08625932327754399,2.015469243207199
0.3251625812906453,0.08646415244162362,2.0095138994943627
0.32566283141570784,0.08666961653919496,2.003523596711854
0.32616308154077034,0.08687571452451183,1.9974988212138725
0.3266633316658329,0.08708244533741809,1.991440056649403
0.32716358179089544,0.08728980790341317,1.9853477836802194
0.32766383191595794,0.08749780113371554,1.979222481577563
0.3281640820410205,0.08770642392532844,1.9730646264458702
0.32866433216608304,0.08791567516110471,1.9668746899916103
0.32916458229114554,0.08812555370981048,1.9606531427492582
0.3296648324162081,0.08833605842619018,1.9544004528339334
0.33016508254127064,0.08854718815103199,1.9481170843327291
0.33066533266633313,0.08875894171123147,1.9418034991089959
0.3311655827913957,0.08897131791985718,1.9354601555383697
0.3316658329164582,0.08918431557621465,1.9290875095009634
0.33216608304152073,0.08939793346591084,1.9226860148976936
0.3326663331665833,0.08961217036092001,1.9162561210367617
0.3331665832916458,0.08982702501964725,1.909798275623745
0.33366683341670833,0.0900424961869933,1.903312923070526
0.3341670835417709,0.09025858259442077,1.896800503192091
0.3346673336668334,0.09047528296001571,1.8902614557825632
0.33516758379189593,0.09069259598855528,1.8836962161626272
0.3356678339169585,0.09091052037157152,1.8771052154461614
0.336168084042021,0.09112905478741479,1.8704888832585955
0.3366683341670835,0.09134819790132057,1.8638476456333393
0.337168584292146,0.0915679483654716,1.857181926264912
0.3376688344172086,0.09178830481906533,1.8504921451210123
0.3381690845422711,0.09200926588837645,1.8437787187645776
0.3386693346673336,0.0922308301868229,1.8370420609609353
0.3391695847923962,0.09245299631502968,1.8302825826250821
0.3396698349174587,0.09267576286089375,1.8235006913102088
0.3401700850425212,0.09289912839964924,1.8166967917107029
0.34067033516758377,0.0931230914939309,1.809871285488005
0.3411705852926463,0.09334765069384086,1.8030245700363419
0.3416708354177088,0.09357280453701061,1.7961570414422932
0.34217108554277137,0.09379855154866805,1.7892690918080298
0.34267133566783387,0.0940248902417013,1.782361108214928
0.3431715857928964,0.09425181911672291,1.77543347784363
0.34367183591795897,0.09447933666213411,1.768486583465261
0.34417208604302146,0.0947074413541927,1.761520803069817
0.344672336168084,0.09493613165707228,1.7545365140972937
0.34517258629314657,0.09516540602293282,1.747534088755186
0.34567283641820906,0.09539526289198053,1.740513896729773
0.3461730865432716,0.09562570069253545,1.7334763050345812
0.34667333666833416,0.095856717841095,1.726421677193696
0.34717358679339666,0.09608831274239833,1.7193503735331457
0.3476738369184592,0.09632048378949308,1.7122627500542995
0.34817408704352176,0.09655322936379634,1.7051591618442643
0.34867433716858426,0.0967865478351631,1.6980399594867408
0.3491745872936468,0.09702043756194888,1.690905489649069
0.3496748374187093,0.09725489689107453,1.683756097611878
0.35017508754377186,0.09748992415809155,1.6765921241868664
0.3506753376688344,0.09772551768724672,1.6694139066033264
0.3511755877938969,0.0979616757915456,1.6622217808932116
0.35167583791895946,0.09819839677281879,1.6550160784624983
0.352176088044022,0.0984356789217863,1.647797126968761
0.3526763381690845,0.09867352051812073,1.6405652527914072
0.35317658829414705,0.09891191983051432,1.6333207769942264
0.3536768384192096,0.09915087511674192,1.6260640184886546
0.3541770885442721,0.09939038462372506,1.6187952945865258
0.35467733866933465,0.09963044658759954,1.6115149173606407
0.35517758879439715,0.09987105923377688,1.604223195866819
0.3556778389194597,0.1001122207770117,1.59692043646092
0.35617808904452225,0.10035392942146358,1.5896069431964457
0.35667833916958475,0.10059618336076435,1.5822830157750905
0.3571785892946473,0.10083898077808157,1.5749489508093903
0.35767883941970985,0.10108231984618231,1.5676050443225782
0.35817908954477234,0.10132619872749994,1.5602515855649421
0.3586793396698349,0.10157061557419848,1.552888861175577
0.35917958979489745,0.10181556852823358,1.545517158375092
0.35967983991995994,0.10206105572142303,1.5381367584837151
0.3601800900450225,0.10230707527550703,1.530747938534786
0.360680340170085,0.10255362530221537,1.5233509751418153
0.36118059029514754,0.1028007039033292,1.515946141828949
0.3616808404202101,0.10304830917075046,1.5085337063383744
0.3621810905452726,0.10329643918656116,1.5011139361315469
0.36268134067033514,0.10354509202309176,1.4936870956333619
0.3631815907953977,0.10379426574298507,1.4862534432601988
0.3636818409204602,0.10404395839925983,1.4788132377935441
0.36418209104552274,0.10429416803537558,1.4713667350046413
0.3646823411705853,0.10454489268529966,1.4639141852499584
0.3651825912956478,0.10479613037356847,1.4564558370743155
0.36568284142071034,0.10504787911535497,1.4489919369733781
0.3661830915457729,0.10530013691653084,1.4415227281685874
0.3666833416708354,0.10555290177373415,1.4340484499273685
0.36718359179589793,0.10580617167443108,1.4265693394009586
0.36768384192096043,0.10605994459698247,1.4190856311364206
0.368184092046023,0.10631421851070764,1.4115975571334005
0.36868434217108553,0.10656899137594929,1.4041053457284516
0.36918459229614803,0.1068242611441393,1.3966092217006056
0.3696848424212106,0.10708002575786067,1.3891094093643348
0.37018509254627313,0.10733628315091509,1.3816061286356522
0.3706853426713356,0.10759303124838629,1.3740995963319835
0.3711855927963982,0.10785026796670433,1.3665900275148002
0.37168584292146073,0.10810799121371141,1.3590776344236257
0.3721860930465232,0.10836619888872506,1.3515626262823346
0.3726863431715858,0.10862488888260537,1.3440452083753684
0.3731865932966483,0.10888405907781597,1.3365255855488283
0.3736868434217108,0.10914370734849174,1.3290039594509535
0.3741870935467734,0.1094038315605027,1.3214805277545936
0.37468734367183587,0.10966442957151787,1.313955486337765
0.3751875937968984,0.10992549923107134,1.3064290282696127
0.375687843921961,0.11018703838062499,1.298901345032755
0.37618809404702347,0.11044904485363535,1.2913726240862253
0.376688344172086,0.11071151647561733,1.2838430501492908
0.37718859429714857,0.11097445106420775,1.2763128073317893
0.37768884442221107,0.11123784642923201,1.268782075837077
0.3781890945472736,0.11150170037276788,1.261251032944822
0.3786893446723361,0.11176601068920963,1.2537198542455166
0.37918959479739867,0.11203077516533386,1.246188712606415
0.3796898449224612,0.1122959915803628,1.2386577788087882
0.3801900950475237,0.11256165770603038,1.231127220966421
0.38069034517258626,0.11282777130664623,1.2235972035127978
0.3811905952976488,0.11309433013916048,1.2160678903696815
0.3816908454227113,0.11336133195322701,1.2085394431275798
0.38219109554777386,0.11362877449127218,1.2010120190455778
0.3826913456728364,0.11389665548855399,1.19348577442533
0.3831915957978989,0.11416497267323183,1.185960862794392
0.38369184592296146,0.11443372376642713,1.1784374363103736
0.38419209604802396,0.11470290648229062,1.170915644789281
0.3846923461730865,0.11497251852806681,1.1633956333212943
0.38519259629814906,0.11524255760415753,1.1558775468492843
0.38569284642321155,0.11551302140418632,1.1483615290614053
0.3861930965482741,0.1157839076150654,1.1408477190401447
0.38669334667333666,0.11605521391705792,1.13333625546271
0.38719359679839915,0.11632693798384339,1.1258272743893492
0.3876938469234617,0.1165990774825843,1.1183209081774736
0.38819409704852426,0.11687163007398652,1.110817289879749
0.38869434717358675,0.11714459341236846,1.1033165488674899
0.3891945972986493,0.11741796514572334,1.0958188116618426
0.38969484742371185,0.11769174291578408,1.0883242036594554
0.39019509754877435,0.11796592435808842,1.080832848641792
0.3906953476738369,0.11824050710204284,1.07334486886757
0.3911955977988994,0.11851548877098902,1.0658603820636914
0.39169584792396195,0.1187908669822671,1.0583795046872249
0.3921960980490245,0.11906663934727926,1.0509023542356752
0.392696348174087,0.11934280347155665,1.043429043582756
0.39319659829914955,0.11961935695482409,1.0359596827515305
0.3936968484242121,0.11989629739106172,1.0284943828415656
0.3941970985492746,0.12017362236857346,1.0210332510086848
0.39469734867433715,0.12045132947004966,1.0135763920484424
0.3951975987993997,0.12072941627263131,1.0061239116935228
0.3956978489244622,0.12100788034797605,0.9986759110795107
0.39619809904952474,0.12128671926232348,0.9912324894545166
0.39669834917458724,0.12156593057655576,0.9837937476701965
0.3971985992996498,0.12184551184626818,0.9763597816339905
0.39769884942471234,0.12212546062182966,0.9689306846893264
0.39819909954977484,0.12240577444844844,0.961506551820577
0.3986993496748374,0.12268645086623653,0.9540874747973924
0.39919959979989994,0.12296748741027635,0.9466735434574702
0.39969984992496244,0.12324888161068179,0.9392648457424658
0.400200100050025,0.12353063099266817,0.931861467368303
0.40070035017508754,0.12381273307660948,0.924463494611213
0.40120060030015003,0.1240951853781111,0.9170710110000073
0.4017008504252126,0.12437798540806788,0.9096840976998666
0.4022011005502751,0.1246611306727341,0.9023028346015133
0.40270135067533763,0.12494461867378318,0.8949273015753606
0.4032016008004002,0.12522844690837642,0.8875575760337012
0.4037018509254627,0.12551261286922605,0.8801937320925209
0.40420210105052523,0.12579711404465962,0.8728358448123689
0.4047023511755878,0.12608194791868438,0.8654839875783474
0.4052026013006503,0.12636711197105388,0.8581382315556364
0.40570285142571283,0.1266526036773302,0.85079864649316
0.4062031015507754,0.1269384205089513,0.8434653004476473
0.4067033516758379,0.1272245599332923,0.8361382609827
0.4072036018009004,0.1275110194137337,0.8288175936726
0.407703851925963,0.12779779640972297,0.8215033639343077
0.4082041020510255,0.12808488837684134,0.8141956347686308
0.408704352176088,0.12837229276686898,0.8068944668743985
0.4092046023011505,0.12866000702784622,0.7995999220241508
0.4097048524262131,0.12894802860414278,0.7923120587235588
0.4102051025512756,0.12923635493651875,0.7850309346231216
0.4107053526763381,0.1295249834621907,0.7777566079999311
0.41120560280140067,0.1298139116148966,0.7704891347660034
0.4117058529264632,0.13010313682496089,0.763228568437315
0.4122061030515257,0.13039265651935816,0.7559749616498791
0.41270635317658827,0.13068246812177806,0.7487283676494042
0.4132066033016508,0.1309725690526897,0.7414888378753691
0.4137068534267133,0.13126295672940788,0.7342564212136395
0.41420710355177587,0.13155362856615568,0.7270311671057152
0.41470735367683836,0.1318445819741301,0.719813123540238
0.4152076038019009,0.1321358143615677,0.7126023370051129
0.41570785392696347,0.13242732313380676,0.7053988538596893
0.41620810405202596,0.1327191056933554,0.6982027178994298
0.4167083541770885,0.13301115943995293,0.6910139733637112
0.41720860430215106,0.1333034817706363,0.6838326630444757
0.41770885442721356,0.13359607007980515,0.6766588287308659
0.4182091045522761,0.13388892175928416,0.6694925123021718
0.41870935467733866,0.13418203419839186,0.6623337521148536
0.41920960480240116,0.13447540478400066,0.6551825875879074
0.4197098549274637,0.1347690309006045,0.6480390577003591
0.4202101050525262,0.13506290993038253,0.6409031994263169
0.42071035517758876,0.1353570392532639,0.6337750498853261
0.4212106053026513,0.13565141624699273,0.626654644357516
0.4217108554277138,0.13594603828719287,0.619542017650308
0.42221110555277636,0.13624090274743153,0.6124372036792574
0.4227113556778389,0.13653600699928584,0.6053402361593201
0.4232116058029014,0.13683134841240427,0.598251148581662
0.42371185592796395,0.13712692435457663,0.59116997055477
0.4242121060530265,0.13742273219179285,0.5840967340633205
0.424712356178089,0.13771876928831026,0.5770314720768841
0.42521260630315155,0.13801503300672036,0.5699742125803595
0.4257128564282141,0.13831152070801073,0.5629249833593799
0.4262131065532766,0.13860822975162998,0.5558838144187442
0.42671335667833915,0.1389051574955527,0.548850734125556
0.42721360680340165,0.13920230129634573,0.5418257687630903
0.4277138569284642,0.1394996585092299,0.5348089458711826
0.42821410705352675,0.1397972264881475,0.527800290957499
0.42871435717858924,0.14009500258582558,0.5207998288736473
0.4292146073036518,0.14039298415383966,0.5138075863695232
0.42971485742871435,0.1406911685426806,0.5068235881981613
0.43021510755377684,0.14098955310181832,0.4998478567960986
0.4307153576788394,0.14128813517976674,0.4928804157953503
0.43121560780390195,0.14158691212414637,0.4859212889541247
0.43171585792896444,0.14188588128175278,0.47897049870180025
0.432216108054027,0.1421850399986171,0.47202806813308235
0.4327163581790895,0.14248438562007482,0.46509401847203974
0.43321660830415204,0.14278391549082775,0.45816836975952374
0.4337168584292146,0.14308362695500915,0.45125114479613976
0.4342171085542771,0.143383517356248,0.4443423643292603
0.43471735867933964,0.14368358403773696,0.43744204727516767
0.4352176088044022,0.14398382434229096,0.4305502146029877
0.4357178589294647,0.1442842356124185,0.4236668858383323
0.43621810905452724,0.14458481519038086,0.41679208026519576
0.4367183591795898,0.14488556041826084,0.4099258169220197
0.4372186093046523,0.14518646863802448,0.4030681143870855
0.43771885942971483,0.1454875371915877,0.3962189913664898
0.43821910955477733,0.14578876342087949,0.3893784666202954
0.4387193596798399,0.14609014466790787,0.3825465590849721
0.43921960980490243,0.14639167827482424,0.37572328567645724
0.43971985992996493,0.14669336158398838,0.36890866289802
0.4402201100550275,0.14699519193803146,0.36210270954898494
0.44072036018009003,0.14729716667992176,0.35530544395363983
0.4412206103051525,0.14759928315303067,0.3485168825717018
0.4417208604302151,0.14790153870119527,0.3417370420309497
0.44222111055527763,0.1482039306687845,0.3349659403160931
0.4427213606803401,0.148506456400762,0.3282035947345863
0.4432216108054027,0.14880911324275453,0.321450020708204
0.44372186093046523,0.14911189854111145,0.31470523559615754
0.4442221110555277,0.1494148096429736,0.3079692568577009
0.4447223611805903,0.1497178438963357,0.3012421011981933
0.44522261130565277,0.1500209986501123,0.2945237857923943
0.4457228614307153,0.1503242712542021,0.28781432668402995
0.4462231115557779,0.15062765905955278,0.2811137398326713
0.44672336168084037,0.15093115941822427,0.27442204350725713
0.4472236118059029,0.15123476968345495,0.2677392551743669
0.44772386193096547,0.15153848720972696,0.26106538988370775
0.44822411205602797,0.15184230935282883,0.25440046519917925
0.4487243621810905,0.1521462334699208,0.24774450000455858
0.44922461230615307,0.15245025691960096,0.24109750964189566
0.44972486243121557,0.15275437706196898,0.23445951185192448
0.4502251125562781,0.15305859125868843,0.2278305254556847
0.4507253626813406,0.15336289687305754,0.22121056608206804
0.45122561280640316,0.15366729127006612,0.2145996527580996
0.4517258629314657,0.15397177181646654,0.2079978038276058
0.4522261130565282,0.15427633588083522,0.2014050369695679
0.45272636318159076,0.15458098083363797,0.19482137107005856
0.4532266133066533,0.15488570404729568,0.18824682400774373
0.4537268634317158,0.1551905028962468,0.18168141590658435
0.45422711355677836,0.1554953747570143,0.17512516555746027
0.4547273636818409,0.1558003170082699,0.16857809068313787
0.4552276138069034,0.1561053270308964,0.1620402130803431
0.45572786393196596,0.15641040220805502,0.1555115537162048
0.45622811405702846,0.15671553992525028,0.14899213110051276
0.456728364182091,0.15702073757039292,0.14248196542043803
0.45722861430715356,0.1573259925338651,0.1359810794362046
0.45772886443221605,0.15763130220858468,0.12948949428892376
0.4582291145572786,0.15793666399007306,0.12300723061245251
0.45872936468234116,0.15824207527651357,0.11653431204463621
0.45922961480740365,0.15854753346882344,0.11007076022376767
0.4597298649324662,0.1588530359707127,0.10361659860238501
0.46023011505752875,0.15915858018875156,0.09717185065715281
0.46073036518259125,0.15946416353243603,0.09073653861645563
0.4612306153076538,0.15976978341424825,0.08431068949395874
0.4617308654327163,0.16007543724972612,0.07789432825062376
0.46223111555777885,0.16038112245752678,0.0714874779890561
0.4627313656828414,0.160686836459489,0.06509016446608641
0.4632316158079039,0.16099257668069983,0.05870241476559972
0.46373186593296645,0.16129834054955788,0.05232425715312335
0.464232116058029,0.16160412549783992,0.04595571812466561
0.4647323661830915,0.16190992896076517,0.0395968237274453
0.46523261630815405,0.16221574837705766,0.03324760504270502
0.4657328664332166,0.16252158118901283,0.026908091652390394
0.4662331165582791,0.16282742484256457,0.02057830994291054
0.46673336668334164,0.16313327678734424,0.014258291251730339
0.4672336168084042,0.16343913447674902,0.007948068915837629
0.4677338669334667,0.16374499536800624,0.0016476741751924372
0.46823411705852924,0.16405085692223914,-0.0046428632131110415
0.46873436718359174,0.16435671660452922,-0.010923510605892249
0.4692346173086543,0.16466257188398054,-0.017194231082457573
0.46973486743371684,0.164968420233787,-0.023454991442283156
0.47023511755877934,0.1652742591312974,-0.029705758944738328
0.4707353676838419,0.1655800860580754,-0.0359464958624436
0.47123561780890444,0.1658858984999696,-0.04217716596026839
0.47173586793396693,0.16619169394717515,-0.04839773314176418
0.4722361180590295,0.16649746989429914,-0.05460815885985502
0.47273636818409204,0.16680322384042523,-0.06080840413270938
0.47323661830915453,0.16710895328917852,-0.06699842946042715
0.4737368684342171,0.16741465574879055,-0.07317819497025833
0.4742371185592796,0.16772032873216314,-0.07934765939907812
0.47473736868434213,0.1680259697569338,-0.08550678087314355
0.4752376188094047,0.16833157634554013,-0.0916555172316928
0.4757378689344672,0.16863714602528412,-0.09779382387810835
0.47623811905952973,0.1689426763283972,-0.10392165655491375
0.4767383691845923,0.16924816479210614,-0.11003897161605908
0.4772386193096548,0.16955360895869442,-0.11614572062750324
0.47773886943471733,0.16985900637556983,-0.12224185669201047
0.4782391195597799,0.17016435459533025,-0.12832733359315035
0.4787393696848424,0.1704696511758227,-0.13440210079862683
0.4792396198099049,0.17077489368021542,-0.1404661090479183
0.4797398699349674,0.1710800796770559,-0.1465193074436549
0.48024012006003,0.17138520674034063,-0.15256164341949516
0.4807403701850925,0.17169027244957635,-0.15859306592818656
0.481240620310155,0.17199527438984752,-0.16461352177137506
0.48174087043521757,0.17230021015187652,-0.17062295256043739
0.4822411205602801,0.17260507733209351,-0.1766213035983933
0.4827413706853426,0.17290987353270093,-0.18260852263549585
0.48324162081040517,0.17321459636173187,-0.18858454787839257
0.4837418709354677,0.17351924343312025,-0.19454931849951035
0.4842421210605302,0.17382381236676708,-0.2005027785600251
0.48474237118559277,0.17412830078859987,-0.20644486676821605
0.4852426213106553,0.17443270633063984,-0.2123755196143068
0.4857428714357178,0.17473702663106705,-0.2182946734489481
0.48624312156078037,0.17504125933428438,-0.2242022651088689
0.48674337168584286,0.1753454020909837,-0.23009822997717042
0.4872436218109054,0.17564945255820652,-0.23598249998309326
0.48774387193596797,0.1759534083994142,-0.241855008323371
0.48824412206103046,0.17625726728454766,-0.24771568588832907
0.488744372186093,0.17656102689009545,-0.25356446121191545
0.48924462231115556,0.1768646848991572,-0.2594012661919961
0.48974487243621806,0.1771682390015093,-0.2652260279202721
0.4902451225612806,0.17747168689366422,-0.27103866947845534
0.49074537268634316,0.17777502627894592,-0.2768391197487088
0.49124562281140566,0.17807825486754347,-0.28262730248607004
0.4917458729364682,0.17838137037658158,-0.2884031377007878
0.4922461230615307,0.17868437053018493,-0.2941665485813643
0.49274637318659326,0.17898725305954205,-0.29991745629498606
0.4932466233116558,0.17929001570296954,-0.3056557802250925
0.4937468734367183,0.17959265620597675,-0.311381436535323
0.49424712356178085,0.17989517232133045,-0.3170943405391953
0.4947473736868434,0.18019756180912216,-0.3227944094698172
0.4952476238119059,0.18049982243682905,-0.328481557237195
0.49574787393696845,0.18080195197938032,-0.33415569516040605
0.496248124062031,0.18110394821922216,-0.3398167347725672
0.4967483741870935,0.1814058089463818,-0.34546458636776567
0.49724862431215605,0.18170753195853284,-0.3510991582948509
0.49774887443721855,0.18200911506105844,-0.35672035776711036
0.4982491245622811,0.18231055606711832,-0.3623280895120772
0.49874937468734365,0.1826118527977102,-0.36792225725926203
0.49924962481240615,0.18291300308174008,-0.3735027661788833
0.4997498749374687,0.18321400475608007,-0.37906951697901037
0.5002501250625312,0.18351485566563752,-0.38462240964232636
0.5007503751875938,0.18381555366341884,-0.3901613423823266
0.5012506253126563,0.1841160966105917,-0.39568621204050797
0.5017508754377188,0.18441648237655606,-0.4011969158523223
0.5022511255627814,0.1847167088389995,-0.40669334690808495
0.5027513756878439,0.18501677388397175,-0.4121753988311913
0.5032516258129064,0.18531667540594077,-0.4176429616513033
0.503751875937969,0.18561641130786388,-0.42309592661119444
0.5042521260630315,0.18591597950125005,-0.4285341831000121
0.504752376188094,0.18621537790622056,-0.43395761495745805
0.5052526263131566,0.18651460445158274,-0.43936610868258125
0.5057528764382191,0.1868136570748853,-0.4447595494099777
0.5062531265632816,0.18711253372249048,-0.4501378176289485
0.5067533766883441,0.1874112323496313,-0.45550079475725186
0.5072536268134067,0.18770975092048658,-0.46084836118168443
0.5077538769384692,0.18800808740823094,-0.46618039217764534
0.5082541270635317,0.18830623979511651,-0.4714967655997795
0.5087543771885943,0.18860420607252226,-0.4767973552930816
0.5092546273136568,0.18890198424102922,-0.4820820339195886
0.5097548774387193,0.18919957231048012,-0.48735067329971365
0.5102551275637819,0.18949696830004437,-0.4926031413146386
0.5107553776888444,0.18979417023828604,-0.49783930774453045
0.5112556278139069,0.19009117616322413,-0.5030590385791892
0.5117558779389695,0.19038798412240043,-0.5082621988756431
0.512256128064032,0.19068459217294265,-0.5134486513619116
0.5127563781890945,0.1909809983816283,-0.5186182568944018
0.5132566283141571,0.19127720082495359,-0.5237708761182165
0.5137568784392196,0.1915731975891911,-0.5289063655842171
0.5142571285642821,0.1918689867704627,-0.5340245846578985
0.5147573786893447,0.19216456647479774,-0.5391253877505178
0.5152576288144072,0.19245993481819768,-0.5442086238933513
0.5157578789394697,0.19275508992670753,-0.5492741472910536
0.5162581290645323,0.1930500299364739,-0.5543218080910979
0.5167583791895948,0.1933447529938117,-0.5593514547446864
0.5172586293146573,0.19363925725527031,-0.5643629329691364
0.5177588794397199,0.19393354088769277,-0.5693560841850631
0.5182591295647824,0.1942276020682907,-0.574330754335124
0.5187593796898449,0.19452143898469865,-0.5792867846633802
0.5192596298149074,0.1948150498350445,-0.5842240135165183
0.51975987993997,0.1951084328280127,-0.5891422804973635
0.5202601300650325,0.19540158618290737,-0.5940414180162825
0.520760380190095,0.19569450812971834,-0.5989212587875457
0.5212606303151576,0.1959871969091902,-0.6037816388880203
0.5217608804402201,0.1962796507728788,-0.6086223890818131
0.5222611305652826,0.19657186798322168,-0.6134433376540392
0.5227613806903452,0.19686384681359936,-0.6182443099672396
0.5232616308154077,0.1971555855484015,-0.6230251299123026
0.5237618809404702,0.19744708248309417,-0.6277856229525274
0.5242621310655328,0.19773833592428014,-0.6325256103329606
0.5247623811905953,0.19802934418976614,-0.6372449123499492
0.5252626313156578,0.198320105608627,-0.6419433458555083
0.5257628814407204,0.19861061852126827,-0.6466207263186217
0.5262631315657829,0.198900881279497,-0.6512768700712105
0.5267633816908454,0.19919089224657693,-0.6559115874099394
0.527263631815908,0.19948064979730318,-0.6605246887257079
0.5277638819409705,0.1997701523180595,-0.6651159842899705
0.528264132066033,0.20005939820688778,-0.6696852822622104
0.5287643821910956,0.20034838587354864,-0.6742323845562112
0.5292646323161581,0.20063711373958737,-0.6787570951207923
0.5297648824412206,0.20092558023840468,-0.6832592183369764
0.530265132566283,0.2012137838153072,-0.6877385486606689
0.5307653826913457,0.20150172292758983,-0.6921948859460171
0.5312656328164082,0.2017893960445868,-0.6966280291647952
0.5317658829414706,0.20207680164774255,-0.7010377692478228
0.5322661330665333,0.202363938230673,-0.7054238963112743
0.5327663831915957,0.20265080429923532,-0.7097862044249081
0.5332666333166582,0.20293739837158864,-0.7141244812986975
0.5337668834417209,0.20322371897825608,-0.7184385089951706
0.5342671335667833,0.2035097646621995,-0.7227280782180644
0.5347673836918458,0.20379553397887318,-0.726992970421173
0.5352676338169085,0.20408102549629148,-0.731232961673894
0.535767883941971,0.20436623779510044,-0.735447836502156
0.5362681340670334,0.2046511694686327,-0.7396373716509923
0.536768384192096,0.20493581912297676,-0.7438013370973219
0.5372686343171585,0.20522018537704267,-0.7479395102436904
0.537768884442221,0.2055042668626278,-0.7520516643779624
0.5382691345672836,0.20578806222447266,-0.7561375652862968
0.5387693846923461,0.2060715701203394,-0.7601969830454279
0.5392696348174086,0.20635478922106332,-0.764229684334652
0.5397698849424712,0.20663771821062682,-0.7682354300639863
0.5402701350675337,0.20692035578621737,-0.7722139815685585
0.5407703851925962,0.20720270065830093,-0.7761651034743479
0.5412706353176588,0.20748475155067736,-0.7800885545211607
0.5417708854427213,0.20776650720054812,-0.7839840872928008
0.5422711355677838,0.20804796635858347,-0.787851458366485
0.5427713856928463,0.2083291277889855,-0.791690420039122
0.5432716358179089,0.20860999026955063,-0.7955007219146235
0.5437718859429714,0.20889055259174083,-0.7992821169996652
0.5442721360680339,0.20917081356073952,-0.8030343512372928
0.5447723861930965,0.20945077199552153,-0.8067571668798775
0.545272636318159,0.20973042672891795,-0.8104503100138474
0.5457728864432215,0.21000977660767972,-0.8141135227382462
0.5462731365682841,0.21028882049254072,-0.8177465434020589
0.5467733866933466,0.21056755725828613,-0.8213491106559389
0.5472736368184091,0.21084598579381342,-0.8249209631448876
0.5477738869434717,0.21112410500220002,-0.828461833450807
0.5482741370685342,0.21140191380076212,-0.8319714504642628
0.5487743871935967,0.21167941112113053,-0.8354495484526756
0.5492746373186593,0.2119565959093047,-0.8388958585617308
0.5497748874437218,0.21223346712572222,-0.8423101056290703
0.5502751375687843,0.2125100237453209,-0.8456920131827718
0.5507753876938469,0.21278626475760776,-0.8490413054527352
0.5512756378189094,0.21306218916672026,-0.852357706894006
0.5517758879439719,0.21333779599149227,-0.8556409379054769
0.5522761380690345,0.21361308426551606,-0.8588907132966223
0.552776388194097,0.21388805303721037,-0.8621067484342085
0.5532766383191595,0.2141627013698858,-0.8652887615635624
0.5537768884442221,0.21443702834180667,-0.8684364670939965
0.5542771385692846,0.21471103304625538,-0.8715495739636919
0.5547773886943471,0.21498471459159818,-0.8746277890089346
0.5552776388194096,0.21525807210135162,-0.8776708226578794
0.5557778889444722,0.21553110471424664,-0.880678382895026
0.5562781390695347,0.21580381158428852,-0.8836501717774752
0.5567783891945972,0.21607619188082883,-0.8865858913587276
0.5572786393196598,0.21634824478862402,-0.8894852429952627
0.5577788894447223,0.21661996950790585,-0.8923479294038256
0.5582791395697848,0.21689136525443997,-0.895173645522824
0.5587793896948474,0.21716243125959234,-0.8979620850324661
0.5592796398199099,0.2174331667704006,-0.9007129461814515
0.5597798899449724,0.2177035710496268,-0.9034259202300949
0.560280140070035,0.21797364337583403,-0.9061006995507852
0.5607803901950975,0.21824338304344137,-0.9087369721360381
0.56128064032016,0.21851278936279406,-0.9113344257566127
0.5617808904452226,0.21878186166022962,-0.9138927500346455
0.5622811405702851,0.2190505992781343,-0.9164116247067309
0.5627813906953476,0.21931900157501794,-0.9188907368848259
0.5632816408204102,0.21958706792557448,-0.9213297692564701
0.5637818909454727,0.21985479772073901,-0.9237283972374897
0.5642821410705352,0.22012219036777037,-0.9260863054691795
0.5647823911955978,0.22038924529029513,-0.9284031674552837
0.5652826413206603,0.220655961928387,-0.9306786579735918
0.5657828914457228,0.22092233973862807,-0.932912456626596
0.5662831415707853,0.22118837819416748,-0.9351042311466128
0.5667833916958479,0.2214540767847939,-0.9372536538472246
0.5672836418209104,0.22171943501699798,-0.9393603982892318
0.5677838919459729,0.22198445241403242,-0.9414241302202291
0.5682841420710355,0.22224912851598333,-0.9434445177500543
0.568784392196098,0.22251346287983043,-0.9454212259300336
0.5692846423211605,0.22277745507951252,-0.9473539189746626
0.5697848924462231,0.2230411047059968,-0.9492422640328394
0.5702851425712856,0.22330441136733392,-0.951085919167343
0.5707853926963481,0.22356737468873145,-0.9528845450188586
0.5712856428214107,0.22382999431261674,-0.9546378045235974
0.5717858929464732,0.22409226989869646,-0.9563453528280124
0.5722861430715357,0.22435420112402804,-0.9580068484444633
0.5727863931965983,0.22461578768308077,-0.9596219457260031
0.5732866433216608,0.22487702928779862,-0.9611902985212651
0.5737868934467233,0.225137925667674,-0.9627115649480331
0.5742871435717859,0.2253984765697976,-0.9641853937318133
0.5747873936968484,0.22565868175893677,-0.9656114346015731
0.5752876438219109,0.22591854101759257,-0.9669893410327836
0.5757878939469735,0.2261780541460685,-0.9683187612641008
0.576288144072036,0.2264372209625296,-0.9695993417182508
0.5767883941970985,0.2266960413030752,-0.9708307295139552
0.5772886443221611,0.22695451502179553,-0.9720125699665104
0.5777888944472236,0.227212641990844,-0.9731445112122041
0.5782891445722861,0.2274704221004955,-0.9742261969308955
0.5787893946973486,0.2277278552592119,-0.9752572665610303
0.5792896448224112,0.22798494139371184,-0.9762373622777295
0.5797898949474737,0.22824168044902926,-0.9771661282690173
0.5802901450725362,0.22849807238858522,-0.9780432069350097
0.5807903951975988,0.22875411719424044,-0.9788682318854287
0.5812906453226613,0.22900981486637417,-0.9796408426724087
0.5817908954477238,0.22926516542394082,-0.9803606813273072
0.5822911455727864,0.22952016890453564,-0.9810273841914129
0.5827913956978489,0.2297748253644596,-0.9816405857649673
0.5832916458229114,0.23002913487878351,-0.9821999215237344
0.583791895947974,0.23028309754141674,-0.9827050273972068
0.5842921460730365,0.2305367134651648,-0.9831555364675081
0.584792396198099,0.23078998278180252,-0.9835510847015515
0.5852926463231616,0.23104290564213104,-0.983891305969732
0.5857928964482241,0.23129548221604623,-0.9841758303618224
0.5862931465732866,0.23154771269260244,-0.9844042911040395
0.5867933966983492,0.23179959728007926,-0.9845763213688496
0.5872936468234117,0.23205113620604112,-0.9846915480192132
0.5877938969484742,0.2323023297174076,-0.9847496029058957
0.5882941470735368,0.23255317808051834,-0.9847501211501439
0.5887943971985993,0.2328036815811898,-0.984692727038737
0.5892946473236618,0.2330538405247884,-0.9845770516734075
0.5897948974487243,0.23330365523629437,-0.98440272855466
0.5902951475737869,0.23355312606035739,-0.9841693792501134
0.5907953976988494,0.23380225336137395,-0.9838766345529509
0.5912956478239119,0.23405103752354584,-0.9835241274932316
0.5917958979489745,0.23429947895094183,-0.9831114809321487
0.592296148074037,0.23454757806756787,-0.9826383239800751
0.5927963981990995,0.23479533531743102,-0.982104288570889
0.5932966483241621,0.23504275116459894,-0.981508997998675
0.5937968984492246,0.23528982609326987,-0.9808520793623539
0.5942971485742871,0.23553656060783812,-0.9801331640182873
0.5947973986993497,0.2357829552329529,-0.9793518781271774
0.5952976488244122,0.2360290105135887,-0.9785078490295522
0.5957978989494747,0.23627472701510643,-0.9776007056794502
0.5962981490745373,0.23652010532332035,-0.9766300743664741
0.5967983991995998,0.23676514604456012,-0.9755955835518066
0.5972986493246623,0.23700984980574047,-0.9744968629506722
0.5977988994497249,0.2372542172544183,-0.9733335386206639
0.5982991495747874,0.23749824905886552,-0.9721052416040102
0.5987993996998499,0.23774194590812803,-0.9708116011990368
0.5992996498249125,0.23798530851209065,-0.9694522421872716
0.599799899949975,0.2382283376015466,-0.968026799993465
0.6003001500750375,0.2384710339282583,-0.9665349034516507
0.6008004002001001,0.23871339826501736,-0.9649761775689755
0.6013006503251626,0.23895543140572428,-0.9633502602901317
0.601800900450225,0.2391971341654351,-0.9616567803077365
0.6023011505752875,0.2394385073804377,-0.9598953685247662
0.6028014007003502,0.23967955190831525,-0.9580656621103865
0.6033016508254126,0.23992026862800309,-0.9561672885991316
0.6038019009504751,0.2401606584398639,-0.9541998839707899
0.6043021510755378,0.24040072226574738,-0.9521630852381888
0.6048024012006002,0.24064046104905157,-0.9500565230324193
0.6053026513256627,0.24087987575479564,-0.9478798368031994
0.6058029014507254,0.24111896736967853,-0.9456326667376527
0.6063031515757878,0.24135773690214313,-0.943314644098289
0.6068034017008503,0.24159618538244332,-0.9409254074425706
0.607303651825913,0.2418343138627137,-0.938464605444779
0.6078039019509754,0.242072123417022,-0.9359318710925123
0.6083041520760379,0.24230961514144078,-0.9333268439765999
0.6088044022011005,0.24254679015412117,-0.9306491759414582
0.609304652326163,0.24278364959533527,-0.9278985030375394
0.6098049024512255,0.24302019462756363,-0.9250744727659679
0.6103051525762881,0.24325642643554768,-0.9221767341198811
0.6108054027013506,0.24349234622635274,-0.9192049297803976
0.6113056528264131,0.24372795522944424,-0.9161587110857957
0.6118059029514757,0.24396325469673785,-0.913037726749234
0.6123061530765382,0.24419824590267813,-0.9098416305967667
0.6128064032016007,0.24443293014429157,-0.9065700773726015
0.6133066533266633,0.24466730874125764,-0.9032227160841908
0.6138069034517258,0.24490138303596964,-0.8997992022871291
0.6143071535767883,0.24513515439360778,-0.8962991971415246
0.6148074037018508,0.24536862420219152,-0.8927223597290823
0.6153076538269134,0.24560179387265535,-0.8890683497699511
0.6158079039519759,0.24583466483890337,-0.8853368273048983
0.6163081540770384,0.24606723855788415,-0.8815274569919517
0.616808404202101,0.24629951650964843,-0.8776399093145598
0.6173086543271635,0.24653150019741665,-0.8736738467412211
0.617808904452226,0.24676319114763823,-0.869628937547986
0.6183091545772886,0.24699459091007148,-0.865504858509561
0.6188094047023511,0.2472257010578247,-0.8613012812243658
0.6193096548274136,0.24745652318744527,-0.857017878029279
0.6198099049524762,0.2476870589189617,-0.8526543255977441
0.6203101550775387,0.24791730989597305,-0.848210310237284
0.6208104052026012,0.24814727778568746,-0.8436855105530514
0.6213106553276638,0.24837696427900546,-0.8390796055506061
0.6218109054527263,0.24860637109057748,-0.8343922848309996
0.6223111555777888,0.24883549995887044,-0.8296232377687273
0.6228114057028514,0.24906435264623128,-0.8247721523586476
0.6233116558279139,0.24929293093895044,-0.8198387227712393
0.6238119059529764,0.2495212366473334,-0.8148226500886168
0.624312156078039,0.24974927160575167,-0.8097236250639022
0.6248124062031015,0.2499770376727204,-0.8045413456645868
0.625312656328164,0.2502045367309602,-0.7992755205392631
0.6258129064532265,0.25043177068745814,-0.7939258553815564
0.6263131565782891,0.2506587414735353,-0.7884920590138927
0.6268134067033516,0.250885451044909,-0.7829738402411742
0.6273136568284141,0.2511119013817589,-0.7773709103374464
0.6278139069534767,0.25133809448879463,-0.7716829900882182
0.6283141570785392,0.25156403239531633,-0.7659098000975519
0.6288144072036017,0.2517897171552792,-0.7600510603077466
0.6293146573286643,0.25201515084736137,-0.7541064970853445
0.6298149074537268,0.25224033557502556,-0.748075836992241
0.6303151575787893,0.2524652734665853,-0.7419588123009851
0.6308154077038519,0.25268996667527244,-0.7357551620120326
0.6313156578289144,0.25291441737929365,-0.7294646182291576
0.6318159079539769,0.25313862778190277,-0.7230869235386393
0.6323161580790395,0.2533626001114664,-0.7166218282895043
0.632816408204102,0.253586336621517,-0.7100690735064545
0.6333166583291645,0.2538098395908319,-0.7034284094850441
0.6338169084542271,0.2540331113234904,-0.696699594940776
0.6343171585792896,0.2542561541489403,-0.6898823892998378
0.6348174087043521,0.2544789704220609,-0.6829765534407961
0.6353176588294147,0.25470156252322806,-0.6759818480302708
0.6358179089544772,0.2549239328583808,-0.6688980438657574
0.6363181590795397,0.25514608385908777,-0.6617249205668416
0.6368184092046023,0.25536801798260456,-0.6544622482385699
0.6373186593296648,0.2555897377119425,-0.6471098068518661
0.6378189094547273,0.2558112455559407,-0.6396673886342047
0.6383191595797898,0.25603254404931275,-0.6321347719504605
0.6388194097048524,0.25625363575272986,-0.6245117479456284
0.6393196598299149,0.25647452325287956,-0.6167981254023659
0.6398199099549774,0.2566952091625254,-0.6089937006428066
0.64032016008004,0.25691569612057163,-0.6010982714729788
0.6408204102051025,0.25713598679213856,-0.5931116510967486
0.641320660330165,0.25735608386861464,-0.5850336564344586
0.6418209104552276,0.2575759900677306,-0.5768641006812895
0.6423211605802901,0.2577957081336133,-0.568602804379816
0.6428214107053526,0.2580152408368681,-0.560249599639604
0.6433216608304152,0.25823459097462154,-0.5518043168546998
0.6438219109554777,0.2584537613706053,-0.543266790468497
0.6443221610805402,0.258672754875205,-0.5346368589074757
0.6448224112056028,0.25889157436553956,-0.5259143686159398
0.6453226613306653,0.2591102227455153,-0.5170991723818888
0.6458229114557278,0.2593287029458953,-0.5081911255504213
0.6463231615807904,0.25954701792436197,-0.4991900855613922
0.6468234117058529,0.2597651706655808,-0.4900959137975536
0.6473236618309154,0.2599831641812722,-0.48090848497781524
0.647823911955978,0.2602010015102676,-0.47162767515116133
0.6483241620810405,0.26041868571857774,-0.46225336429222313
0.648824412206103,0.2606362198994574,-0.4527854342655324
0.6493246623311655,0.26085360717346706,-0.4432237767288247
0.6498249124562281,0.2610708506885484,-0.4335682965049074
0.6503251625812906,0.2612879536200694,-0.42381888406707424
0.6508254127063531,0.261504919170906,-0.41397544698507194
0.6513256628314157,0.26172175057150726,-0.40403790888736935
0.6518259129564782,0.26193845107994207,-0.3940061791103998
0.6523261630815407,0.26215502398198476,-0.38388018444567634
0.6528264132066033,0.26237147259116833,-0.3736598573320509
0.6533266633316658,0.262587800248848,-0.36334512712953515
0.6538269134567283,0.26280401032427614,-0.3529359423790471
0.6543271635817909,0.26302010621465666,-0.3424322522117137
0.6548274137068534,0.2632360913452114,-0.33183400618939274
0.6553276638319159,0.26345196916925007,-0.3211411662060788
0.6558279139569785,0.26366774316822905,-0.3103536969361688
0.656328164082041,0.26388341685182004,-0.29947157210782244
0.6568284142071035,0.2640989937579752,-0.2884947757295078
0.6573286643321661,0.2643144774529862,-0.2774232883476121
0.6578289144572286,0.26452987153155316,-0.2662571027400289
0.6583291645822911,0.2647451796168534,-0.2549962218918515
0.6588294147073537,0.2649604053605934,-0.2436406464774436
0.6593296648324162,0.2651755524430892,-0.23219039092200877
0.6598299149574787,0.26539062457331886,-0.2206454749874748
0.6603301650825413,0.2656056254889938,-0.20900592252766162
0.6608304152076038,0.2658205589566216,-0.19727177007463348
0.6613306653326663,0.2660354287715707,-0.18544306115168402
0.6618309154577288,0.26625023875813314,-0.17351983692260017
0.6623311655827914,0.26646499276958924,-0.16150215108060392
0.6628314157078539,0.26667969468828234,-0.14939007368769616
0.6633316658329164,0.26689434842566495,-0.13718367124425762
0.663831915957979,0.2671089579223809,-0.12488301960161083
0.6643321660830415,0.26732352714831764,-0.11248820365454008
0.664832416208104,0.2675380601026798,-0.0999993168115656
0.6653326663331666,0.2677525608140492,-0.08741645923249912
0.6658329164582291,0.2679670333404487,-0.07473973919593144
0.6663331665832916,0.2681814817694135,-0.06196927901338568
0.6668334167083542,0.268395910218044,-0.04910519460823146
0.6673336668334167,0.2686103228330796,-0.03614761770630455
0.6678339169584792,0.268824723790968,-0.02309669990274472
0.6683341670835418,0.26903911729791297,-0.009952583020248453
0.6688344172086043,0.26925350758995403,0.0032845771065120205
0.6693346673336668,0.2694678989330277,0.016614610092947946
0.6698349174587294,0.2696822956230269,0.030037343349788418
0.6703351675837919,0.269896701985874,0.043552590691729474
0.6708354177088544,0.27011112237757695,0.057160158724947265
0.671335667833917,0.2703255611842996,0.07085985089438383
0.6718359179589795,0.2705400228224226,0.0846514569721628
0.672336168084042,0.2707545117386161,0.09853475119398072
0.6728364182091046,0.27096903240989256,0.1125095048622892
0.673336668334167,0.27118358934367937,0.12657548513856498
0.6738369184592296,0.27139818707787944,0.1407324454565824
0.674337168584292,0.2716128301809433,0.1549801237449413
0.6748374187093547,0.2718275232519245,0.16931825237818185
0.6753376688344171,0.272042270920549,0.18374655806678955
0.6758379189594796,0.2722570778472786,0.19826475575461072
0.6763381690845423,0.272471948723378,0.21287254397271196
0.6768384192096047,0.27268688827097787,0.22756961566545722
0.6773386693346672,0.2729019012431335,0.24235566032110914
0.6778389194597298,0.27311699242390297,0.2572303496744899
0.6783391695847923,0.273332166628399,0.2721933405976373
0.6788394197098548,0.27354742870286364,0.2872442895673242
0.6793396698349174,0.27376278352471894,0.30238283809936384
0.6798399199599799,0.2739782360026557,0.3176086112816829
0.6803401700850424,0.27419379107666364,0.3329212367145493
0.680840420210105,0.2744094537181341,0.3483203211082713
0.6813406703351675,0.2746252289298936,0.36380545946468984
0.68184092046023,0.27484112174628983,0.3793762405834699
0.6823411705852926,0.27505713723324154,0.3950322338002025
0.6828414207103551,0.2752732804883147,0.4107730054906729
0.6833416708354176,0.2754895566407711,0.42659811739783576
0.6838419209604802,0.2757059708516576,0.44250710419304184
0.6843421710855427,0.27592252831385045,0.45849948449529
0.6848424212106052,0.27613923425212805,0.47457478072246306
0.6853426713356677,0.27635609392322724,0.4907325064807544
0.6858429214607303,0.27657311261592454,0.5069721438511923
0.6863431715857928,0.27679029565108726,0.5232931761956006
0.6868434217108553,0.2770076483817352,0.5396950787405874
0.6873436718359179,0.2772251761931295,0.5561772920484074
0.6878439219609804,0.2774428845028014,0.5727392618724821
0.6883441720860429,0.2776607787606453,0.5893804286998886
0.6888444222111055,0.27787886444896737,0.6061002081900332
0.689344672336168,0.2780971470825677,0.6228979933961353
0.6898449224612305,0.2783156322087841,0.6397731745138893
0.6903451725862931,0.2785343254075676,0.6567251391143957
0.6908454227113556,0.2787532322915456,0.6737532500721771
0.6913456728364181,0.2789723585060919,0.6908568524567499
0.6918459229614807,0.279191709729381,0.7080352861134259
0.6923461730865432,0.2794112916724609,0.7252878743896236
0.6928464232116057,0.27963111007931607,0.7426139202767833
0.6933466733366683,0.279851170726928,0.7600127255112513
0.6938469234617308,0.2800714794253416,0.7774835750337465
0.6943471735867933,0.2802920420177393,0.7950257263538533
0.6948474237118559,0.2805128643804906,0.8126384307300623
0.6953476738369184,0.28073395242322574,0.8303209326199422
0.6958479239619809,0.2809553120888961,0.8480724540699706
0.6963481740870435,0.2811769493538474,0.8658922016990381
0.696848424212106,0.28139887022787047,0.8837793684777021
0.6973486743371685,0.2816210807542827,0.9017331323929769
0.697848924462231,0.2818435870099729,0.9197526578363362
0.6983491745872936,0.2820663951054887,0.9378370922770219
0.6988494247123561,0.28228951118507695,0.9559855718546675
0.6993496748374186,0.2825129414267735,0.9741972038176813
0.6998499249624812,0.2827366920424472,0.9924710916617931
0.7003501750875437,0.2829607692778682,1.0108063338497986
0.7008504252126062,0.2831851794127882,1.0292019897706348
0.7013506753376688,0.2834099287609879,1.0476571123512053
0.7018509254627313,0.2836350236703473,1.0661707402571972
0.7023511755877938,0.28386047052291463,1.0847418954264842
0.7028514257128564,0.2840862757349587,1.1033695859055412
0.7033516758379189,0.2843124457570547,1.122052794402001
0.7038519259629814,0.28453898707412284,1.1407904960675703
0.704352176088044,0.28476590620551656,1.159581648563279
0.7048524262131065,0.2849932097050698,1.1784251886253339
0.705352676338169,0.28522090416117596,1.1973200369835484
0.7058529264632316,0.2854489961968394,1.2162650980474425
0.7063531765882941,0.2856774924697505,1.2352592618058909
0.7068534267133566,0.2859063996723421,1.2543013964163043
0.7073536768384192,0.28613572453186364,1.2733903547100143
0.7078539269634817,0.28636547381043176,1.2925249785526063
0.7083541770885442,0.2865956543051129,1.3117040859494629
0.7088544272136067,0.28682627284797446,1.3309264652611663
0.7093546773386693,0.28705733630615793,1.3501909068464735
0.7098549274637318,0.28728885158192297,1.3694961906059113
0.7103551775887943,0.2875208256127544,1.388841046510409
0.7108554277138569,0.2877532653713821,1.4082242031383332
0.7113556778389194,0.2879861778658688,1.427644386097462
0.7118559279639819,0.28821957013967126,1.4471002843520686
0.7123561780890445,0.288453449271707,1.4665905712483698
0.712856428214107,0.2886878223764118,1.4861139051029701
0.7133566783391695,0.28892269660381276,1.505668924499771
0.7138569284642321,0.2891580791395838,1.5252542549353976
0.7143571785892946,0.28939397720511906,1.5448684988959764
0.7148574287143571,0.2896303980575943,1.5645102392197965
0.7153576788394197,0.28986734899002853,1.5841780437424493
0.7158579289644822,0.2901048373313553,1.6038704631580947
0.7163581790895447,0.2903428704464788,1.6235860223537661
0.7168584292146073,0.29058145573635263,1.6433232295266489
0.7173586793396698,0.29082060063801807,1.6630805876640078
0.7178589294647323,0.29106031262470333,1.6828565695006485
0.7183591795897949,0.29130059920585927,1.702649627762111
0.7188594297148574,0.29154146792724545,1.722458194233477
0.7193596798399199,0.29178292637097636,1.7422806897620402
0.7198599299649825,0.29202498215559425,1.7621155284287016
0.720360180090045,0.2922676429361388,1.781961080980462
0.7208604302151075,0.2925109164042121,1.8018157030753856
0.72136068034017,0.29275481028802286,1.8216777511014295
0.7218609304652326,0.29299933235248066,1.8415455535434644
0.7223611805902951,0.2932444903992377,1.8614174138261996
0.7228614307153576,0.29349029226677237,1.881291619029928
0.7233616808404202,0.2937367458304325,1.90116644394428
0.7238619309654827,0.2939838590025201,1.9210401438253226
0.7243621810905452,0.29423163973234123,1.9409109517146794
0.7248624312156078,0.294480096006283,1.9607770861306582
0.7253626813406703,0.29472923584786503,1.9806367465975185
0.7258629314657328,0.29497906731781987,2.0004881128195287
0.7263631815907954,0.29522959851414,2.0203293503163473
0.7268634317158579,0.29548083757215915,2.040158601496832
0.7273636818409204,0.29573279266460384,2.0599740001666014
0.727863931965983,0.29598547200166303,2.0797736578341284
0.7283641820910455,0.2962388838310632,2.099555661543651
0.728864432216108,0.29649303643810754,2.119318092454886
0.7293646823411706,0.29674793814577205,2.1390590104102705
0.7298649324662331,0.29700359731473913,2.158776461311145
0.7303651825912956,0.2972600223434929,2.178468466366832
0.7308654327163582,0.29751722166835837,2.198133030462273
0.7313656828414207,0.29777520376357947,2.217768157246866
0.7318659329664832,0.29803397714137514,2.2373718235633846
0.7323661830915458,0.29829355035202276,2.2569419838258242
0.7328664332166083,0.29855393198389324,2.276476590281659
0.7333666833416708,0.2988151306635456,2.2959735685334675
0.7338669334667333,0.2990771550557709,2.3154308350469917
0.7343671835917959,0.2993400138636617,2.3348462924457007
0.7348674337168584,0.2996037158286895,2.354217821403715
0.7353676838419209,0.2998682697307422,2.373543299832479
0.7358679339669835,0.30013368438822363,2.3928205818929174
0.736368184092046,0.3003999686580854,2.4120475129018004
0.7368684342171085,0.3006671314359175,2.4312219225644074
0.7373686843421711,0.3009351816559973,2.4503416197021743
0.7378689344672336,0.30120412829135956,2.469404411062334
0.7383691845922961,0.3014739803538542,2.4884080973382265
0.7388694347173587,0.30174474689422404,2.5073504518642316
0.7393696848424212,0.30201643700216385,2.52622923790363
0.7398699349674837,0.30228905980637455,2.5450422195265676
0.7403701850925463,0.3025626244746489,2.56378713497771
0.7408704352176088,0.3028371402139163,2.5824617184746907
0.7413706853426713,0.30311261627031616,2.6010636976076533
0.7418709354677339,0.3033890619292654,2.619590785749934
0.7423711855927964,0.30366648651551387,2.638040685964735
0.7428714357178589,0.303944899393223,2.656411094799249
0.7433716858429215,0.30422430996600935,2.6746997056481665
0.743871935967984,0.3045047276770383,2.692904195434294
0.7443721860930465,0.3047861620090604,2.7110222299515736
0.744872436218109,0.30506862248449984,2.729051472807555
0.7453726863431716,0.3053521186654904,2.7469895937266697
0.745872936468234,0.3056366601539713,2.7648342452722403
0.7463731865932965,0.3059222565917348,2.7825830616562652
0.7468734367183592,0.3062089176604941,2.8002336934947287
0.7473736868434216,0.30649665308193885,2.817783782519741
0.7478739369684841,0.3067854726178272,2.835230958266142
0.7483741870935467,0.30707538607001084,2.8525728521209452
0.7488744372186092,0.3073664032805441,2.8698070895615637
0.7493746873436717,0.30765853413169975,2.886931303940581
0.7498749374687343,0.30795178854608274,2.903943115211407
0.7503751875937968,0.308246176486656,2.920840149684053
0.7508754377188593,0.30854170795682556,2.9376200355918196
0.751375687843922,0.30883839300050653,2.954280388651754
0.7518759379689844,0.3091362417021708,2.970818842979816
0.7523761880940469,0.3094352641869298,2.987233023041513
0.7528764382191095,0.30973547062059303,3.0035205553179947
0.753376688344172,0.31003687120972145,3.0196790826185396
0.7538769384692345,0.3103394762017144,3.0357062369546175
0.7543771885942971,0.31064329588485595,3.0515996583685108
0.7548774387193596,0.31094834058838483,3.0673570017598233
0.7553776888444221,0.31125462068256304,3.08297591651209
0.7558779389694847,0.3115621465787397,3.0984540620986425
0.7563781890945472,0.31187092872940614,3.1137891077937923
0.7568784392196097,0.31218097762827846,3.128978725715107
0.7573786893446722,0.31249230381033843,3.144020612350513
0.7578789394697348,0.31280491785192055,3.1589124601333096
0.7583791895947973,0.31311883037077326,3.173651963635902
0.7588794397198598,0.3134340520261034,3.188236848484528
0.7593796898449224,0.31375059351866597,3.202664848657171
0.7598799399699849,0.3140684655908119,3.216933708684297
0.7603801900950474,0.3143876790265683,3.2310411728514428
0.76088044022011,0.3147082446516922,3.2449850104682345
0.7613806903451725,0.31503017333372085,3.2587630306915245
0.761880940470235,0.3153534759820724,3.2723730199165115
0.7623811905952976,0.31567816354809075,3.285812793770618
0.7628814407203601,0.3160042470250861,3.2990802081972483
0.7633816908454226,0.31633173744845955,3.312173105741242
0.7638819409704852,0.31666064589570286,3.3250893624865263
0.7643821910955477,0.3169909834865088,3.337826878673263
0.7648824412206102,0.31732276138280824,3.350383576415057
0.7653826913456728,0.3176559907888503,3.3627573990153925
0.7658829414707353,0.31799068295127064,3.374946298135983
0.7663831915957978,0.31832684915913845,3.3869482638578288
0.7668834417208604,0.31866450074403296,3.398761312005477
0.7673836918459229,0.31900364908010737,3.4103834768694643
0.7678839419709854,0.31934430558415006,3.4218128268377055
0.7683841920960479,0.31968648171565217,3.4330474480978332
0.7688844422211105,0.3200301889768786,3.444085458365857
0.769384692346173,0.320375438912909,3.4549250116318495
0.7698849424712355,0.32072224311174136,3.4655642741827473
0.7703851925962981,0.3210706132043146,3.476001460394793
0.7708854427213606,0.321420560864599,3.4862348150521423
0.7713856928464231,0.32177209780966276,3.496262598528583
0.7718859429714857,0.3221252357997182,3.5060831222709328
0.7723861930965482,0.32247998663820177,3.5156947227033335
0.7728864432216107,0.32283636217183975,3.525095762692086
0.7733866933466733,0.32319437429069353,3.5342846627962405
0.7738869434717358,0.32355403492824397,3.54325986824885
0.7743871935967983,0.3239153560614598,3.5520198516838244
0.7748874437218609,0.3242783497108386,3.5605631308881853
0.7753876938469234,0.3246430279404997,3.568888260397868
0.7758879439719859,0.3250094028582149,3.5769938448839005
0.7763881940970485,0.32537748661550925,3.584878518017995
0.776888444222111,0.325747291407704,3.5925409506274377
0.7773886943471735,0.32611882947398474,3.5999798675655494
0.7778889444722361,0.32649211309747095,3.607194024958142
0.7783891945972986,0.3268671546052815,3.614182219073153
0.7788894447223611,0.3272439663685862,3.620943300260835
0.7793896948474237,0.32762256080268504,3.627476159125268
0.7798899449724862,0.3280029503670665,3.633779727913561
0.7803901950975487,0.32838514756547266,3.639852986732279
0.7808904452226112,0.32876916494596653,3.6456949621097943
0.7813906953476738,0.32915501510099343,3.651304719316074
0.7818909454727363,0.3295427106674529,3.6566813774682863
0.7823911955977988,0.3299322643267404,3.661824108875744
0.7828914457228614,0.3303236888048531,3.666732117402822
0.7833916958479239,0.3307169968724093,3.6714046706618166
0.7838919459729864,0.33111220134474273,3.67584108315153
0.784392196098049,0.33150931508196546,3.680040707844366
0.7848924462231115,0.33190835098901417,3.6840029582640543
0.785392696348174,0.33230932201573804,3.6877272899323206
0.7858929464732366,0.3327122411569432,3.691213215612616
0.7863931965982991,0.33311712145246464,3.694460304376699
0.7868934467233616,0.33352397598723993,3.697468165117939
0.7873936968484242,0.3339328178913643,3.7002364571607935
0.7878939469734867,0.3343436603401564,3.7027649049824474
0.7883941970985492,0.3347565165542177,3.705053279126218
0.7888944472236118,0.33517139979952315,3.7071013912290587
0.7893946973486743,0.3355883233874426,3.7089091191970356
0.7898949474737368,0.33600730067484363,3.7104763958834948
0.7903951975987994,0.3364283450641308,3.7118032032550006
0.7908954477238619,0.33685147000333515,3.712889569431844
0.7913956978489244,0.33727668898615804,3.713735576073369
0.791895947973987,0.337704015552041,3.7143413689038756
0.7923961980990495,0.33813346328622806,3.714707150197644
0.792896448224112,0.33856504581984126,3.71483316299503
0.7933966983491745,0.3389987768299454,3.7147196978478996
0.7938969484742371,0.3394346700395916,3.7143671199758623
0.7943971985992996,0.33987273921789907,3.7137758383814017
0.7948974487243621,0.3403129981801305,3.712946305014782
0.7953976988494247,0.34075546078772057,3.711879049788233
0.7958979489744872,0.3412001409483789,3.7105746334744527
0.7963981990995497,0.3416470526161488,3.709033669566818
0.7968984492246123,0.3420962097914284,3.707256846481684
0.7973986993496748,0.3425476265211085,3.7052448843565795
0.7978989494747373,0.34300131689856794,3.7029985617907855
0.7983991995997999,0.3434572950637875,3.700518709883904
0.7988994497248624,0.3439155752033827,3.6978062182670692
0.7993996998499249,0.3443761715506808,3.694862025277473
0.7998999499749875,0.3448390983858074,3.6916871025063243
0.80040020010005,0.345304370035703,3.6882824930848765
0.8009004502251125,0.34577200087422355,3.684649297438101
0.8014007003501751,0.3462420053221953,3.6807886446988745
0.8019009504752376,0.3467143978474949,3.6767017154613026
0.8024012006003001,0.3471891929650699,3.672389756297178
0.8029014507253627,0.3476664052370575,3.6678540548724436
0.8034017008504252,0.3481460492728097,3.663095938523337
0.8039019509754877,0.3486281397289881,3.6581167877496
0.8044022011005502,0.3491126913095908,3.652918038130126
0.8049024512256128,0.34959971876605955,3.6475011633084704
0.8054027013506753,0.35008923689731564,3.64186767939737
0.8059029514757378,0.35058126054983596,3.63601915442322
0.8064032016008004,0.35107580461771093,3.6299572030208553
0.8069034517258629,0.35157288404271636,3.6236834771319355
0.8074037018509254,0.352072513814381,3.6171996687604895
0.807903951975988,0.35257470897003174,3.6105075229653023
0.8084042021010505,0.35307948459487815,3.603608826872111
0.808904452226113,0.35358685582207006,3.596505399598805
0.8094047023511756,0.35409683783277224,3.5891990996162106
0.8099049524762381,0.35460944585620613,3.581691830487257
0.8104052026013006,0.3551246951697369,3.5739855359382466
0.8109054527263632,0.35564260109892043,3.5660821974925203
0.8114057028514257,0.35616317901758965,3.557983823460378
0.8119059529764882,0.3566864443479023,3.5496924617360897
0.8124062031015508,0.35721241256039793,3.5412102116839628
0.8129064532266133,0.3577410991740839,3.5325391902753234
0.8134067033516758,0.358272519756504,3.5236815418823384
0.8139069534767384,0.35880668992376474,3.5146394577022178
0.8144072036018009,0.35934362534064324,3.5054151585795212
0.8149074537268634,0.35988334172061887,3.496010891289236
0.815407703851926,0.360425854825972,3.4864289292024937
0.8159079539769885,0.36097118046780974,3.4766715839535283
0.816408204102051,0.3615193345061609,3.46674118879695
0.8169084542271134,0.3620703328500374,3.456640096608356
0.817408704352176,0.36262419145747504,3.446370696596505
0.8179089544772385,0.36318092633562493,3.435935404306652
0.818409204602301,0.3637405535407998,3.4253366485814025
0.8189094547273637,0.36430308917856724,3.4145768848435374
0.8194097048524261,0.36486854940375935,3.403658596737043
0.8199099549774886,0.36543695042061497,3.392584273222253
0.8204102051025512,0.36600830848276544,3.3813564376777028
0.8209104552276137,0.3665826398933474,3.369977630059898
0.8214107053526762,0.3671599610050684,3.35845039566507
0.8219109554777388,0.3677402882202365,3.346777310254575
0.8224112056028013,0.36832363799086476,3.334960956504771
0.8229114557278638,0.3689100268187113,3.3230039320561193
0.8234117058529264,0.3694994712553452,3.3109088551067454
0.8239119559779889,0.3700919879022262,3.298678349542926
0.8244122061030514,0.3706875934107572,3.2863150477838667
0.824912456228114,0.37128630448235533,3.2738215954630334
0.8254127063531765,0.3718881378685017,3.261200652089416
0.825912956478239,0.3724931103708258,3.2484548829336894
0.8264132066033016,0.3731012388411612,3.2355869569190348
0.8269134567283641,0.37371254018161437,3.222599546871729
0.8274137068534266,0.374327031344623,3.2094953368167727
0.8279139569784892,0.3749447293330137,3.1962770173657336
0.8284142071035517,0.3755656512000938,3.182947274482618
0.8289144572286142,0.37618981404968643,3.1695087987688124
0.8294147073536767,0.37681723503621445,3.1559642847035887
0.8299149574787393,0.3774479313647525,3.142316424131816
0.8304152076038018,0.37808192029110455,3.1285679076001505
0.8309154577288643,0.3787192191218507,3.1147214311959948
0.8314157078539269,0.3793598452144282,3.100779680814891
0.8319159579789894,0.38000381597720434,3.086745333434308
0.8324162081040519,0.38065114886949925,3.0726210795563604
0.8329164582291145,0.38130186140169364,3.0584095942695737
0.833416708354177,0.38195597113529356,3.044113534906085
0.8339169584792395,0.38261349568295344,3.029735572183574
0.8344172086043021,0.38327445270857385,3.015278362904927
0.8349174587293646,0.3839388599273805,3.0007445412963643
0.8354177088544271,0.38460673510594123,2.9861367491858473
0.8359179589794897,0.3852780960622626,2.9714576173221388
0.8364182091045522,0.3859529606658656,2.9567097535244935
0.8369184592296147,0.38663134683782197,2.941895758816065
0.8374187093546773,0.3873132725508359,2.9270182240988105
0.8379189594797398,0.38799875582929655,2.9120797268725487
0.8384192096048023,0.3886878147493551,2.897082830435775
0.8389194597298649,0.3893804674389836,2.8820300798011487
0.8394197098549274,0.39007673207804494,2.8669240067444592
0.8399199599799899,0.39077662689834103,2.851767129002866
0.8404202101050524,0.39148017018370584,2.8365619421685926
0.840920460230115,0.3921873802700411,2.821310929155766
0.8414207103551775,0.39289827554539425,2.806016555843067
0.84192096048024,0.39361287445003423,2.790681261583463
0.8424212106053026,0.39433119547649653,2.7753074723644375
0.8429214607303651,0.3950532571696499,2.7598975955244858
0.8434217108554276,0.3957790781267807,2.744454012299725
0.8439219609804902,0.3965086769976294,2.7289790886056955
0.8444222111055527,0.39724207248447296,2.7134751709342106
0.8449224612306152,0.39797928334219357,2.6979445735436554
0.8454227113556778,0.39872032837834315,2.6823895909200965
0.8459229614807403,0.39946522645317106,2.6668125068180464
0.8464232116058028,0.4002139964797431,2.651215569532207
0.8469234617308654,0.40096665742398674,2.635601001852091
0.8474237118559279,0.4017232283047232,2.6199710136348364
0.8479239619809904,0.4024837281937872,2.6043277786685533
0.848424212106053,0.4032481762160529,2.5886734526263497
0.8489244622311155,0.40401659154949154,2.573010169353597
0.849424712356178,0.4047889934252984,2.557340023351198
0.8499249624812406,0.4055654011278742,2.5416650937055167
0.8504252126063031,0.4063458339949424,2.5259874341580906
0.8509254627313656,0.40713031141760414,2.510309066989117
0.8514257128564282,0.40791885284039076,2.4946319897626186
0.8519259629814907,0.40871147776135075,2.478958169676457
0.8524262131065532,0.4095082057320836,2.463289552875528
0.8529264632316157,0.4103090563578249,2.4476280577741556
0.8534267133566783,0.41111404929752204,2.4319755666808187
0.8539269634817408,0.41192320426387674,2.4163339386934237
0.8544272136068033,0.4127365410234072,2.400705009075929
0.8549274637318659,0.4135540793965351,2.385090581354327
0.8554277138569284,0.414375839257632,2.3694924295169444
0.8559279639819909,0.4152018405350981,2.3539123004587013
0.8564282141070535,0.4160321032114096,2.338351911807356
0.856928464232116,0.41686664732320455,2.322812952376114
0.8574287143571785,0.41770549296131776,2.307297084948993
0.8579289644822411,0.4185486602708792,2.291805942057187
0.8584292146073036,0.41939616945135505,2.2763411248581584
0.8589294647323661,0.42024804075662914,2.260904208857808
0.8594297148574287,0.42110429449504316,2.245496739814485
0.8599299649824912,0.4219649510295014,2.2301202338439663
0.8604302151075537,0.42283003077748127,2.214776178003798
0.8609304652326163,0.42369955421116323,2.1994660312179946
0.8614307153576788,0.4245735418574128,2.184191226411597
0.8619309654827413,0.4254520142979441,2.1689531622324334
0.8624312156078039,0.42633499216929316,2.153753212221427
0.8629314657328664,0.42722249616294405,2.1385927207892146
0.8634317158579289,0.428114547025368,2.1234730010708205
0.8639319659829914,0.42901116555808194,2.1083953438669893
0.864432216108054,0.4299123726177303,2.0933610066280677
0.8649324662331165,0.43081818911615244,2.0783712174448867
0.865432716358179,0.43172863602041467,2.063427182063614
0.8659329664832416,0.4326437343529168,2.048530074170387
0.8664332166083041,0.43356350519143483,2.033681038739067
0.8669334667333666,0.43448796966918124,2.0188811949900134
0.8674337168584292,0.4354171489748868,2.0041316339308497
0.8679339669834917,0.4363510643528379,1.989433422728461
0.8684342171085542,0.43728973710297403,1.974787596577321
0.8689344672336168,0.43823318858094495,1.9601951624163574
0.8694347173586793,0.4391814401981424,1.945657106251172
0.8699349674837418,0.44013451342180865,1.931174385552296
0.8704352176088044,0.44109242977507535,1.9167479284130493
0.8709354677338669,0.44205521083704546,1.9023786380540908
0.8714357178589294,0.4430228782428287,1.888067394714214
0.871935967983992,0.443995453683641,1.8738150502653155
0.8724362181090545,0.44497295890685074,1.8596224304448024
0.872936468234117,0.4459554157160408,1.8454903372903564
0.8734367183591796,0.4469428459710869,1.831419547359806
0.8739369684842421,0.4479352715882019,1.8174108130616442
0.8744372186093046,0.44893271454002637,1.803464861171784
0.8749374687343672,0.4499351968556695,1.789582394483462
0.8754377188594297,0.4509427406207891,1.775764093193802
0.8759379689844922,0.4519553679776447,1.762010611660118
0.8764382191095547,0.45297310112518296,1.7483225823779063
0.8769384692346173,0.4539959623190608,1.7347006149729147
0.8774387193596798,0.45502397387177673,1.7211452931387157
0.8779389694847423,0.45605715815265313,1.707657182509168
0.8784392196098049,0.45709553758797306,1.694236824473576
0.8789394697348674,0.45813913466100864,1.6808847354228993
0.8794397198599299,0.4591879719120904,1.667601413860539
0.8799399699849925,0.4602420719386675,1.6543873371719346
0.880440220110055,0.46130145739538975,1.6412429592702866
0.8809404702351175,0.46236615099416056,1.628168712779406
0.8814407203601801,0.46343617550419935,1.6151650119953198
0.8819409704852426,0.4645115537521054,1.6022322507034434
0.882441220610305,0.4655923086219378,1.589370801021402
0.8829414707353677,0.4666784630552616,1.5765810170590788
0.8834417208604302,0.4677700400512208,1.5638632318171748
0.8839419709854927,0.4688670626666127,1.5512177603413762
0.8844422211105553,0.46996955401591123,1.5386449011719296
0.8849424712356178,0.47107753727140356,1.526144930800294
0.8854427213606803,0.4721910356631831,1.5137181077930604
0.8859429714857429,0.4733100724792685,1.501364674527553
0.8864432216108054,0.4744346710656142,1.4890848569442883
0.8869434717358678,0.475564854826235,1.4768788609489367
0.8874437218609305,0.4767006472232307,1.4647468754404795
0.887943971985993,0.47784207177685367,1.4526890753019812
0.8884442221110554,0.4789891520655871,1.4407056190629277
0.8889444722361179,0.4801419117262018,1.4287966462143276
0.8894447223611806,0.4813003744538449,1.4169622806873075
0.889944972486243,0.4824645640020382,1.4052026347431503
0.8904452226113055,0.4836345041828274,1.3935178030984365
0.8909454727363681,0.484810218866782,1.381907865026205
0.8914457228614306,0.48599173198310375,1.3703728854454698
0.8919459729864931,0.4871790675196568,1.358912915477748
0.8924462231115557,0.48837224952305114,1.3475279937850417
0.8929464732366182,0.48957130209870314,1.3362181427917312
0.8934467233616807,0.49077624941091536,1.3249833714225339
0.8939469734867433,0.49198711568289966,1.3138236784866062
0.8944472236118058,0.49320392519688916,1.3027390482230659
0.8949474737368683,0.4944267022941826,1.291729450161304
0.8954477238619309,0.4956554713752084,1.280794843453687
0.8959479739869934,0.4968902568995741,1.2699351771540823
0.8964482241120559,0.4981310833861592,1.2591503866337055
0.8969484742371185,0.4993779754131751,1.2484403945544036
0.897448724362181,0.5006309576182097,1.2378051141320492
0.8979489744872435,0.5018900546983112,1.2272444475296471
0.8984492246123061,0.5031552914100441,1.2167582858714578
0.8989494747373686,0.5044266925695577,1.2063465094980128
0.8994497248624311,0.5057042830526512,1.1960089885088685
0.8999499749874936,0.5069880877948272,1.1857455850263046
0.9004502251125562,0.5082781317913678,1.1755561501139624
0.9009504752376187,0.5095744400974169,1.1654405233981433
0.9014507253626812,0.510877037828001,1.155398537825184
0.9019509754877438,0.5121859501581234,1.145430018094991
0.9024512256128063,0.5135012023228231,1.1355347788608698
0.9029514757378688,0.5148228196172475,1.125712625818835
0.9034517258629314,0.5161508273967055,1.1159633571186942
0.9039519759879939,0.5174852510767316,1.106286763089497
0.9044522261130564,0.5188261161331624,1.0966826257963742
0.904952476238119,0.5201734481021845,1.0871507209534423
0.9054527263631815,0.5215272725804123,1.0776908158638103
0.905952976488244,0.5228876152249615,1.0683026699167184
0.9064532266133066,0.5242545017534805,1.0589860374402917
0.9069534767383691,0.5256279579442467,1.0497406656903987
0.9074537268634316,0.5270080096362175,1.0405662944873408
0.9079539769884942,0.5283946827291022,1.0314626587715792
0.9084542271135567,0.5297880031834108,1.0224294859633014
0.9089544772386192,0.5311879970205613,1.0134664973087322
0.9094547273636818,0.5325946903228598,1.004573411758022
0.9099549774887443,0.5340081092336639,0.9957499391998087
0.9104552276138068,0.5354282799573955,0.9869957845191386
0.9109554777388694,0.5368552287595811,0.9783106502089115
0.9114557278639319,0.5382889819669892,0.9696942315208049
0.9119559779889944,0.5397295659676207,0.9611462190164026
0.9124562281140569,0.5411770072108357,0.9526662993939554
0.9129564782391195,0.5426313322073533,0.9442541551467447
0.913456728364182,0.5440925675293862,0.9359094641448561
0.9139569784892445,0.5455607398106395,0.9276319000563921
0.9144572286143071,0.5470358757464364,0.9194211332303913
0.9149574787393696,0.5485180020937186,0.9112768304069022
0.9154577288644321,0.5500071456711861,0.9031986534677346
0.9159579789894947,0.5515033333592907,0.8951862617057704
0.9164582291145572,0.5530065921003402,0.8872393120538703
0.9169584792396197,0.5545169488985504,0.8793574576834922
0.9174587293646823,0.556034430820123,0.8715403480048555
0.9179589794897448,0.5575590649933009,0.8637876299538205
0.9184592296148073,0.5590908786084157,0.8560989488315176
0.9189594797398699,0.5606298989179859,0.848473946987176
0.9194597298649324,0.562176153236754,0.8409122635451602
0.9199599799899949,0.5637296689417806,0.8334135358908623
0.9204602301150575,0.5652904734724604,0.8259774000466993
0.92096048024012,0.5668585943306521,0.8186034883687541
0.9214607303651825,0.5684340590806851,0.8112914325281425
0.9219609804902451,0.5700168953494433,0.8040408631257986
0.9224612306153076,0.5716071308264556,0.7968514071912576
0.9229614807403701,0.5732047932639226,0.7897226915873805
0.9234617308654326,0.5748099104767963,0.7826543416309946
0.9239619809904952,0.576422510342864,0.775645980669812
0.9244622311155577,0.5780426208027656,0.7686972318080445
0.9249624812406202,0.5796702698601148,0.7618077167176808
0.9254627313656828,0.5813054855815167,0.7549770558949481
0.9259629814907453,0.5829482960966725,0.7482048685227481
0.9264632316158078,0.5845987295984063,0.7414907740068414
0.9269634817408704,0.5862568143427449,0.7348343912282367
0.9274637318659329,0.587922578649005,0.728235337085289
0.9279639819909954,0.5895960508998215,0.7216932290398578
0.928464232116058,0.591277259541231,0.7152076843062284
0.9289644822411205,0.592966233082743,0.7087783188030126
0.929464732366183,0.5946630000973876,0.7024047490848306
0.9299649824912456,0.5963675892217832,0.696086591717826
0.9304652326163081,0.5980800291562218,0.6898234619965171
0.9309654827413706,0.5998003486647061,0.683614976648086
0.9314657328664332,0.6015285765750136,0.6774607523829685
0.9319659829914957,0.6032647417788155,0.671360404616103
0.9324662331165582,0.6050088732316556,0.6653135503122399
0.9329664832416208,0.6067609999530887,0.6593198063387968
0.9334667333666833,0.6085211510266966,0.6533787902830548
0.9339669834917458,0.6102893556001696,0.6474901203986404
0.9344672336168084,0.6120656428853994,0.6416534142634126
0.9349674837418709,0.6138500421584929,0.6358682909585311
0.9354677338669334,0.6156425827598717,0.6301343701495022
0.9359679839919959,0.6174432940943273,0.6244512720041642
0.9364682341170585,0.6192522056310761,0.6188186180345445
0.936968484242121,0.6210693469038464,0.6132360294009334
0.9374687343671835,0.6228947475109337,0.6077031288368072
0.9379689844922461,0.6247284371152286,0.6022195404823636
0.9384692346173086,0.6265704454443632,0.5967848885959152
0.9389694847423711,0.628420802290675,0.5913987990689691
0.9394697348674337,0.6302795375113739,0.5860608986290001
0.9399699849924962,0.6321466810285159,0.5807708148998245
0.9404702351175587,0.6340222628291468,0.5755281766775937
0.9409704852426213,0.6359063129652895,0.5703326146313167
0.9414707353676838,0.6377988615540708,0.5651837602492323
0.9419709854927463,0.6396999387777633,0.5600812460673252
0.9424712356178089,0.6416095748838373,0.5550247062516499
0.9429714857428714,0.6435278001850584,0.5500137761896768
0.9434717358679339,0.6454546450595018,0.5450480929911761
0.9439719859929965,0.6473901399506818,0.5401272947323444
0.944472236118059,0.6493343153675504,0.5352510214169445
0.9449724862431215,0.6512872018846121,0.5304189144286379
0.9454727363681841,0.653248830141969,0.5256306162740986
0.9459729864932466,0.655219230845379,0.5208857715463839
0.9464732366183091,0.6571984347663289,0.5161840263743277
0.9469734867433717,0.6591864727421015,0.5115250283393485
0.9474737368684342,0.661183375675833,0.506908426834982
0.9479739869934967,0.6631891745365834,0.5023338727047185
0.9484742371185592,0.6652039003594048,0.49780101865857695
0.9489744872436218,0.6672275842453832,0.49330951940500906
0.9494747373686843,0.6692602573617439,0.48885903080077064
0.9499749874937468,0.6713019509418778,0.4844492106335345
0.9504752376188094,0.6733526962854217,0.480079719121834
0.9509754877438719,0.6754125247583165,0.4757502176843106
0.9514757378689344,0.6774814677929015,0.47146036954721565
0.951975987993997,0.67955955688792,0.4672098400801802
0.9524762381190595,0.6816468236086592,0.46299829632925676
0.952976488244122,0.683743299586931,0.4588254072851515
0.9534767383691846,0.6858490165212281,0.45469084385742703
0.9539769884942471,0.6879640061766885,0.45059427887357656
0.9544772386193096,0.6900883003852698,0.44653538684196786
0.9549774887443722,0.692221931045701,0.4425138446796202
0.9554777388694347,0.6943649301236441,0.4385293310317639
0.9559779889944972,0.696517329651698,0.43458152616787554
0.9564782391195598,0.6986791617294958,0.43067011271316474
0.9569784892446223,0.700850458523739,0.42679477528719034
0.9574787393696848,0.7030312522682962,0.4229552003208243
0.9579789894947474,0.7052215752642432,0.41915107619297126
0.9584792396198099,0.7074214598799369,0.41538209353186195
0.9589794897448723,0.709630938551074,0.4116479449518602
0.9594797398699348,0.7118500437807729,0.4079483247028188
0.9599799899949975,0.7140788081396217,0.4042829293604037
0.96048024012006,0.716317264265733,0.40065145759227033
0.9609804902451224,0.7185654448648471,0.3970536100737738
0.961480740370185,0.7208233827103427,0.39348908928436643
0.9619809904952475,0.723091110643379,0.389957599601495
0.96248124062031,0.7253686615728441,0.38645884828853183
0.9629814907453726,0.7276560684755484,0.3829925438678382
0.9634817408704351,0.729953364396204,0.37955839681332376
0.9639819909954976,0.732260582447509,0.37615612052256786
0.9644822411205602,0.7345777558102284,0.3727854294881226
0.9649824912456227,0.7369049177332663,0.36944604021388194
0.9654827413706852,0.7392421015336588,0.36613767252973795
0.9659829914957478,0.7415893405967324,0.36286004713952624
0.9664832416208103,0.7439466683761466,0.35961288652470863
0.9669834917458728,0.7463141183938777,0.35639591648054925
0.9674837418709354,0.7486917242404072,0.3532088638337227
0.9679839919959979,0.7510795195746987,0.35005145760649903
0.9684842421210604,0.7534775381242813,0.34692342919492997
0.968984492246123,0.755885813685353,0.3438245116195421
0.9694847423711855,0.7583043801227731,0.34075444019718987
0.969984992496248,0.7607332713702082,0.3377129521842173
0.9704852426213106,0.7631725214301195,0.33469978698813524
0.9709854927463731,0.7656221643738998,0.3317146857847794
0.9714857428714356,0.768082234341886,0.32875739168796214
0.9719859929964981,0.7705527655434459,0.32582765021506305
0.9724862431215607,0.7730337922570278,0.3229252086825499
0.9729864932466232,0.7755253488302589,0.32004981613443023
0.9734867433716857,0.7780274696799623,0.3172012239785561
0.9739869934967483,0.780540189292255,0.3143791855176912
0.9744872436218108,0.7830635422226102,0.311583455981278
0.9749874937468733,0.7855975630958998,0.3088137924536611
0.9754877438719359,0.7881422866065115,0.3060699539091341
0.9759879939969984,0.7906977475183172,0.30335170170985587
0.9764882441220609,0.793263980664852,0.3006587989050954
0.9769884942471235,0.7958410209492879,0.29799101032988184
0.977488744372186,0.7984289033445684,0.29534810278748524
0.9779889944972485,0.8010276628934037,0.29272984521557316
0.9784892446223111,0.8036373347083945,0.29013600847005727
0.9789894947473736,0.8062579539720645,0.287566364837343
0.9794897448724361,0.8088895559369487,0.28502068904666006
0.9799899949974987,0.8115321759255956,0.28249875779586975
0.9804902451225612,0.8141858493307623,0.2800003487376517
0.9809904952476237,0.816850611615326,0.27752524221742436
0.9814907453726863,0.8195264983124311,0.27507322063800355
0.9819909954977488,0.8222135450255692,0.2726440674580899
0.9824912456228113,0.8249117874285936,0.2702375684397965
0.9829914957478738,0.8276212612658096,0.26785351124647666
0.9834917458729364,0.8303420023520491,0.26549168507022075
0.9839919959979989,0.8330740465727118,0.26315188102618126
0.9844922461230614,0.8358174298838428,0.2608338921257252
0.984992496248124,0.8385721883121917,0.25853751316809476
0.9854927463731865,0.8413383579552853,0.2562625405980993
0.985992996498249,0.8441159749814915,0.25400877263254823
0.9864932466233116,0.8469050756300689,0.25177600945579987
0.9869934967483741,0.8497056962112488,0.24956405278519025
0.9874937468734366,0.8525178731063043,0.24737270607333772
0.9879939969984992,0.8553416427675806,0.24520177469180432
0.9884942471235617,0.8581770417186085,0.24305106557120792
0.9889944972486242,0.861024106554126,0.24092038737468385
0.9894947473736868,0.8638828739401774,0.23880955040877017
0.9899949974987493,0.8667533806141492,0.23671836678350036
0.9904952476238118,0.8696356633848445,0.23464665022957054
0.9909954977488744,0.872529759132572,0.2325942160592816
0.9914957478739369,0.8754357048091528,0.23056088146438072
0.9919959979989994,0.8783535374380591,0.22854646503782555
0.992496248124062,0.8812832941144251,0.2265507869284796
0.9929964982491245,0.8842250120051283,0.22457366923075
0.993496748374187,0.8871787283488395,0.22261493546132063
0.9939969984992496,0.89014448045614,0.2206744106566349
0.9944972486243121,0.8931223057094932,0.218751921657049
0.9949974987493746,0.8961122415634222,0.21684729659520943
0.9954977488744371,0.899114325544474,0.214960365378104
0.9959979989994997,0.9021285952513409,0.21309095944499168
0.9964982491245622,0.905155088354924,0.21123891157652108
0.9969984992496247,0.9081938425983545,0.20940405639538087
0.9974987493746873,0.9112448957971147,0.20758622984123076
0.9979989994997498,0.9143082858390699,0.20578526932344884
0.9984992496248123,0.9173840506845323,0.20400101384311
0.9989994997498749,0.9204722283663465,0.20223330390015914
0.9994997498749374,0.9235728569899173,0.15020805382545052
1.0,0.9266859747333349,0.09965397752412172
